코드 번호,회사명,업종 (대),업종 (소),코스피코스닥,주가 (원),시가총액 (억),상장주식수 (만주),자사주 (만주),자사주 비중 (%),주식수 증가율 (%),1일 등락률 (%),5일 등락률 (%),1개월 등락률 (%),3개월 등락률 (%),6개월 등락률 (%),9개월 등락률 (%),1년 등락률 (%),3년 등락률 (%),과거 GP/A (%),과거 GPM (%),분기 GPM (%),5년평균 OPM,발표 OPM (%),발표 분기 OPM (%),올해 OPM (%),발표 NPM (%),발표 분기 NPM (%),5년평균 ROE,발표 ROE (%),1년후 ROE (%),과거 ROA (%),1년후 ROA (%),과거 PCR,과거 PFCR,과거 PSR,발표 PSR,1년후PEG,PER  곱하기PBR,고점 PBR,저점 PBR,5년평균 PBR,발표 PBR,1년후 PBR,5년평균 PER,자사주반영 PER,과거 PER,발표 PER,발표 분기 PER,올해 PER,1년후 PER,과거 EV/EBITDA (%),과거 POR,발표 POR,청산가치비율 (NCAV전략) (%),당좌 비율 (%),유동 비율 (%),단순 부채비율 (%),보수적 부채비율 (%),차입금 비율 (%),배당 성향 (%),시가 배당률 (%),DPS  성장률 (%),시가 배당률 고점,시가 배당률 저점,국채시가 배당률,주가 변동성,베타 (52주),부채 (억),자본 (억),유동자산 (억),재고자산 (억),투자자산 (억),지분투자 (억),총자산 (억),매출액 (억),영업이익 (억),순이익(지배) (억),EBITDA (억),매출총이익 (억),영업활동현금흐름 (억),투자활동현금흐름 (억),재무활동현금흐름 (억),설비투자 (억),DPS (원),거래대금 (당일 억),거래대금 (5일평균 억),거래대금 (20일평균 억),거래대금 증가율(5일대비),거래대금 증가율(20일대비),1개월전 주가,3개월전 주가,6개월전 주가,9개월전 주가,1년전 주가,52주 신고가,52주 신저가,주가>5이평,주가>20이평,주가>60이평,주가>120이평,신고가율 (%),신저가율 (%),당일 기관(%),당일 외인(%),당일 수급(%),주간 기관(%),주간 외인(%),주간 수급(%),1개월 기관(%),1개월 외인(%),1개월 수급(%),3개월 기관(%),3개월 외인(%),3개월 수급(%),6개월 기관(%),6개월 외인(%),6개월 수급(%),고점대비 PBR괴리율,저점대비 PBR괴리율,이익의 변동성,예상가 괴리율 (%),목표가  괴리율 (%),예상가 매력등수,목표가 매력등수,본사 국내 =1,지주사 =1,금융 =1,스팩 =1,관리 종목 =1,예상 주가 (원),목표 주가 (원),20년 2Q 호실적 100기업,20년3Q 호실적예상 100기업,3Q 발표 =1,마지막 리포트일,실적 발표일,20/3Q 매출액 컨센대비,20/3Q 영업이익 컨센대비,20/3Q 순이익 컨센대비,20/2Q 매출액 컨센대비,20/2Q 영업이익 컨센대비,20/2Q 순이익 컨센대비,1주일 어닝스,1달 어닝스,3개월  어닝스,6개월  어닝스,9개월  어닝스,12개월  어닝스,어닝스 점수,발표OPM증가율(최근분기),발표NPM증가율(최근분기),발표ROE증가율 (최근분기),자산증가율 (최근분기),발표자본증가율 (최근분기),자본증가율 (1년후),매출채권 회수기간,재고자산 회수기간,단순 FCFF (잉여현금흐름),F스코어 지배주주순익>0 여부,F스코어 영업활동현금흐름>0 여부,F스코어 ROA증가 여부,F스코어 영현>순익 여부,F스코어 부채비율감소 여부,F스코어 유동비율증가 여부,F스코어 신주발행X 여부,F스코어 매출총이익률증가 여부,F스코어 총자산회전율증가 여부,F스코어 점수 (9점만점),매출액 16년->19년 3년간 YOY,매출액 연환산 YOY,매출액 17년 YOY,매출액 18년 YOY,매출액 19년 YOY,매출액 20년(E)  YOY,매출액 21년(E)  YOY,매출액 19년3Q YOY,매출액 19년4Q YOY,매출액 20년1Q YOY,매출액 20년2Q YOY,매출액 20년3Q(E) YOY,매출액 20년4Q(E) YOY,매출액 19년3Q QOQ,매출액 19년4Q QOQ,매출액 20년1Q QOQ,매출액 20년2Q QOQ,매출액 20년3Q(E) QOQ,매출액 20년4Q(E) QOQ,영업이익 16년->19년 3년간 YOY,영업이익 연환산 YOY,영업이익 17년 YOY,영업이익 18년 YOY,영업이익 19년 YOY,영업이익 20년(E)  YOY,영업이익 21년(E)  YOY,영업이익 19년3Q YOY,영업이익 19년4Q YOY,영업이익 20년1Q YOY,영업이익 20년2Q YOY,영업이익 20년3Q(E) YOY,영업이익 20년4Q(E) YOY,영업이익 19년3Q QOQ,영업이익 19년4Q QOQ,영업이익 20년1Q QOQ,영업이익 20년2Q QOQ,영업이익 20년3Q(E) QOQ,영업이익 20년4Q(E) QOQ,순이익 16년->19년 3년간 YOY,순이익 연환산 YOY,순이익 17년 YOY,순이익 18년 YOY,순이익 19년 YOY,순이익 20년(E)  YOY,순이익 21년(E)  YOY,순이익 19년3Q YOY,순이익 19년4Q YOY,순이익 20년1Q YOY,순이익 20년2Q YOY,순이익 20년3Q(E) YOY,순이익 20년4Q(E) YOY,순이익 19년3Q QOQ,순이익 19년4Q QOQ,순이익 20년1Q QOQ,순이익 20년2Q QOQ,순이익 20년3Q(E) QOQ,순이익 20년4Q(E) QOQ,16년 매출액,16년 영업이익,16년 순이익,17년 매출액,17년 영업이익,17년 순이익,18년 매출액,18년 영업이익,18년 순이익,19년 매출액,19년 영업이익,19년 순이익,20년(E) 매출액,20년(E) 영업이익,20년(E) 순이익,21년(E) 매출액,21년(E) 영업이익,21년(E) 순이익,매출액 18년 3Q,매출액 18년 4Q,매출액 19년 1Q,매출액 19년 2Q,매출액 19년 3Q,매출액 19년 4Q,매출액 20년 1Q,매출액 20년 2Q,매출액 20년 3Q(E),매출액 20년 4Q(E),영업이익 18년 3Q,영업이익 18년 4Q,영업이익 19년 1Q,영업이익 19년 2Q,영업이익 19년 3Q,영업이익 19년 4Q,영업이익 20년 1Q,영업이익 20년 2Q,영업이익 20년 3Q(E),영업이익 20년 4Q(E),순이익 18년 3Q,순이익 18년 4Q,순이익 19년 1Q,순이익 19년 2Q,순이익 19년 3Q,순이익 19년 4Q,순이익 20년 1Q,순이익 20년 2Q,순이익 20년 3Q(E),순이익 20년 4Q(E),발표치 20년3Q  매출액,발표치 20년3Q  영업이익,발표치 20년3Q  순이익,컨센서스 20년3Q  매출액,컨센서스 20년3Q  영업이익,컨센서스 20년3Q  순이익,
A032960,동일기연,IT 장비 및 소재,IT 소재 및 부품,코스닥,11000,375,341,21,6.2,0.3,-2.7,-3.1,0,16.3,1.9,-2.7,-8.1,-16,17.1,40.5,48.96,2.9,-1.2,-6.8,0,5.6,16.82,6.1,2.63,0,2.37,0,34.87,46.88,1.5,1.5,0,19.02,2.52,0.61,1.16,0.71,0.71,18.4,25.13,56.9,26.79,8.17,0,0,9.38,201.61,-125,94.93,623,836.27,14,14,5,6.5,0.53,13.88,0.61,0.42,0.53,0.02643,0.30493,71,520,427,109,91,0,591,250,-3,14,14,101,12,24,-3,4,58,1.97,2.84,3.66,-30.47,-46.06,11000,9460,10800,11300,11964,12400,9120,0,0,0,1,89,21,0,-0.12,-0.12,0,-0.29,-0.29,-0.02,0.64,0.62,0.25,0.7,0.95,0.27,0.55,0.82,28,116,4.39804,-1081,0,1321,462,1,0,0,0,0,-1018,0,0,0,1,0,20201116,0,0,0,0,0,0,0,0,0,0,0,0,0,-303.4,14.5,-4,4.7,2.8,0,50,268,8,1,1,1,1,0,0,0,1,0,5,2.5,-13.6,21.6,-21.8,7.8,0,0,0,0,-14.9,-33,1.1,0,-23.2,-10,2.8,-5.9,16,0,-18.2,-275.4,118.2,-158.3,164.3,0,0,125.3,66.3,-82.9,-52.3,-2309.5,0,-98,-1914.3,109.4,1316.7,-191,0,-50.9,-1.2,26.3,-102.8,1500,0,0,210.9,140.7,-128.2,-81.3,176,0,-51.2,-1.2,-179.6,148.6,622,0,283,11,57,344,24,72,269,-14,-2,290,9,28,0,0,0,0,0,0,67,61,73,88,68,61,62,59,68,0,-1,-11,2,11,0,-4,0,5,-5,0,-4,-10,12,9,4,4,-3,2,11,0,68,-5,11,0,0,0,
A084870,TBH글로벌,섬유 및 의류,의류,코스피,1880,392,2086,0,0,0,-0.3,0.5,4.7,11.9,-11.3,-4.1,-32.4,-76.8,62.59,56.5,59.68,1.7,-1.72,-10.83,0,-47.64,3.81,-21.6,-81.47,0,-50.57,0,5.95,5.94,0.2,0.21,0,-0.16,2.94,0.23,0.74,0.36,0.36,-4.6,-0.44,-0.37,-0.44,7.57,0,0,0,-22.67,-12.25,26.28,50,169.37,87,63,42,0,0,-100,0.7,0,0,0.04946,0.82394,679,1077,782,549,294,111,1756,1864,-32,-888,-17,1100,66,-21,-47,0,0,0.73,0.8,1.16,-8.66,-36.94,1795,1680,2120,1960,2780,2945,993,1,0,1,1,64,89,0,-0.02,-0.02,-0.01,-0.05,-0.06,0.01,0.4,0.41,-0.04,0.41,0.37,-0.01,-0.78,-0.79,12,157,-1.04027,-4,0,2170,462,1,0,0,0,0,-48690,0,0,0,1,20191113,20201116,0,0,0,0,0,0,0,0,0,0,0,0,0,90,-193.2,-146.9,-30.2,-35.2,0,40,255,66,0,1,0,1,0,0,1,1,1,5,-70.8,271.6,-3.8,-69.9,1,0,0,-66.9,126,-23.1,-9.5,-19.3,0,-23.4,56.6,-44.3,35.5,-31.7,0,-64.5,-117.2,64.5,-105.9,466.7,0,0,87.4,-73.4,-603.2,-19.6,-65.7,0,-190.7,331.7,-228.7,129.8,-286.8,0,-2569,-60,65.5,-5660,-34.4,0,0,-28.4,-57.5,-3443.8,-2189.6,107.8,0,-6506.4,-263,59.3,76.5,122.6,0,7223,124,-29,6945,204,-10,2088,-12,-576,2108,44,-774,0,0,0,0,0,0,1271,-2534,477,550,421,660,367,497,340,0,-176,193,-9,25,-22,51,-66,20,-37,0,-129,-381,-7,-3,-165,-599,-244,-57,13,0,340,-37,13,0,0,0,
A237750,피앤씨테크,유틸리티,스마트그리드,코스닥,6050,393,650,0,0,0,-0.8,-5,-0.5,5.2,-4,19.8,6.5,-28.5,8.51,26.9,25.64,7.8,5.21,-3.67,0,9,3.21,3.2,3.18,0,2.79,0,8.05,8.02,1.82,1.86,0,13.65,3.05,0.35,1.09,0.66,0.66,56.5,20.68,14.24,20.68,73.87,0,0,4.95,17.68,35.73,84.48,505,591.99,14,14,4,0,0,0,0,0,0,0.04195,1.05093,86,596,418,62,65,0,682,211,11,19,22,58,49,-27,0,0,0,3.07,3.83,4.49,-19.83,-31.62,6080,5750,6300,5050,5680,7600,2620,0,0,0,0,80,131,0,-0.05,-0.05,-0.66,0.33,-0.34,-0.53,1.77,1.24,-2.6,-0.91,-3.51,-2.8,0.81,-1.99,22,189,1.27984,309,0,853,462,1,0,0,0,0,1959,0,0,0,1,0,20201113,0,0,0,0,0,0,0,0,0,0,0,0,0,-43.2,-29.4,-28.3,-1.6,-1.6,0,51,148,49,1,1,1,1,0,1,1,1,0,7,-23.8,-0.2,6,-23.5,-6.1,0,0,-19.7,4.8,34,-14.7,-9.6,0,-37.9,25.4,-13.9,27.1,-34.1,0,-59.6,-43.3,-15.8,-62.5,27.8,0,0,33,33.5,351.5,-63.8,-116,0,-43.9,-169.8,299.2,-53.7,-124.8,0,-44,-29.4,-24,-39.5,21.7,0,0,88,16.2,169.2,-48.5,-87,0,-40.9,-144.2,388.2,-31.5,-85.1,0,281,57,50,298,48,38,228,18,23,214,23,28,0,0,0,0,0,0,57,55,37,74,46,57,49,63,41,0,7,-10,3,17,10,-7,13,6,-2,0,5,-5,5,17,10,-5,13,9,1,0,41,-2,1,0,0,0,
A071090,하이스틸,철강 및 비철강,강관,코스피,16350,327,200,0,0,0,-2.1,2.2,8.6,2.2,-11.6,-2.4,-15.5,-31,3.13,4.6,4.91,1.4,-1.33,2.87,0,-2.16,1.41,0.2,-2.71,0,-1.42,0,4.71,5.27,0.2,0.21,0,-2.5,0.53,0.18,0.36,0.26,0.26,234.1,-9.62,-7.26,-9.62,17.73,0,0,60.71,-8.14,-15.57,-74.31,92,138.49,92,92,63,633.89,0.61,-32.75,1.67,0,0.61,0.03034,1.27305,1146,1249,903,304,72,26,2395,1575,-21,-34,12,75,69,-62,10,7,100,1.09,1.12,0.71,-2.48,54.51,15050,16000,18500,16750,19350,20150,10150,0,1,1,0,81,61,0.03,0.01,0.04,0.03,0.01,0.04,0.03,-0.41,-0.38,-0.29,-0.91,-1.2,-0.27,-1.22,-1.49,49,144,-2.55476,-83,0,1820,462,1,0,0,0,0,-19590,0,0,0,1,0,20201113,0,0,0,0,0,0,0,0,0,0,0,0,0,-704.5,-217.6,-148.9,-1.3,-3.5,0,44,71,62,0,1,0,1,0,0,1,0,0,3,43.9,-24.7,42.2,-19.5,25.7,0,0,-19.8,13.2,-41.8,-36,-14.2,0,-41.1,17,-11.8,5.4,-21.1,0,-84.5,-556.5,54.9,-147.3,121.2,0,0,-2044,34.4,70.9,-134.8,196.3,0,-122.4,-27.1,75.7,-404,161.9,0,-100,-140.3,115.4,-185.7,100,0,0,4.6,48.2,74.2,-158.1,172.5,0,-118.5,-144.7,79.8,-536.9,123.1,0,1489,71,39,2117,110,84,1705,-52,-72,2143,11,0,0,0,0,0,0,0,474,392,673,645,380,444,392,413,326,0,1,-19,-10,43,-10,-12,-3,-15,9,0,-7,-30,-12,34,-6,-16,-3,-20,5,0,326,9,5,0,0,0,
A054930,유신,건설 및 건축자재,중견건설사,코스닥,13800,414,300,0,0,0,-1.4,-2.5,3,-3.5,-18.3,-8,-27.6,15.5,10.88,9.2,14.62,-0.1,-0.91,0.17,0,0,0.15,0,0,0,0,0,2.54,2.52,0.22,0.21,0,0,0.93,0.24,0.55,0.51,0.51,1609.7,0,-470.45,0,117.61,0,0,0,-18.47,-23,59.66,151,150.71,91,92,39,0,0,-100,2.21,0,0,0.03945,1.1449,751,814,998,0,370,0,1565,1985,-18,0,-22,170,164,-40,-84,0,0,1.97,1.67,1.76,17.96,11.77,13400,14300,16900,15000,19050,21400,9070,0,0,0,0,64,52,0,0.04,0.04,0,0.13,0.13,0,0.25,0.25,-0.12,-0.63,-0.75,0.08,-1.41,-1.33,55,213,-3.6812,-199,0,1592,462,1,0,0,0,0,-6945,0,0,0,1,0,20201116,0,0,0,0,0,0,0,0,0,0,0,0,0,83.5,100,100,3.2,-1.5,0,71,0,164,0,1,0,1,0,0,1,1,1,5,9.9,23.6,-2,1.5,10.5,0,0,11.9,14.3,18.8,31.3,30.7,0,24.3,10.4,-2.9,-1.4,23.7,0,-785.7,79.6,-28.6,-880,-23.1,0,0,-136.1,-46.8,64.7,125.8,127.2,0,92.7,-588.2,72.2,283.9,-92.3,0,-464.7,100,-11.8,-593.3,16.2,0,0,-99.6,-171.4,133.3,137.2,1157.1,0,100.2,-24528.6,120.5,260.1,-93,0,1516,14,17,1485,10,15,1508,-78,-74,1666,-96,-62,0,0,0,0,0,0,391,422,394,352,437,483,469,462,572,0,10,-17,-19,-49,-4,-25,-7,13,1,0,16,-6,-11,-34,0,-17,4,13,1,0,572,1,1,0,0,0,
A140520,대창스틸,철강 및 비철강,강판,코스닥,2195,439,2000,0,0,0,-0.7,-3.1,2.3,10,0.7,2.6,-14.3,-47.8,5.1,6.2,6.58,1.3,-0.84,2.99,0,-7.26,0.06,-1.9,-13.87,0,-5.81,0,2.43,2.49,0.26,0.26,0,-1.82,0.78,0.3,0.61,0.5,0.5,-35.5,-3.63,-11.56,-3.63,457.29,0,0,259.08,-21.36,-31.36,-128.25,32,56.02,131,139,115,0,4.56,38.68,5.2,0,4.56,0.03124,1.05433,1212,872,649,274,912,38,2084,1666,-14,-121,5,107,181,83,-219,5,100,1.38,1.57,1.74,-12.19,-20.51,2145,1995,2180,2140,2560,2570,1060,0,0,0,1,85,107,0.01,-0.04,-0.03,0.01,0.03,0.04,0.01,0.16,0.17,0.01,2.14,2.15,0.01,2.1,2.11,64,167,-2.74065,-31,0,2016,462,1,0,0,0,0,-7000,0,0,0,1,0,20201116,0,0,0,0,0,0,0,0,0,0,0,0,0,-127.5,-414.9,-400.5,-17.1,-13.9,0,56,62,176,0,1,0,1,1,0,1,0,1,5,-34.7,-16.4,-19.1,-11,-9.3,0,0,-10,-3.5,-19.3,-31.9,-9.9,0,-8.1,0.9,-11.3,-17.2,21.6,0,392.9,-123.1,414.3,9.1,-14.6,0,0,5.6,-74.5,3.5,-373.4,97.2,0,-61.3,4.8,74.1,-487.5,127.9,0,79.4,-331.1,152.9,-744.4,94,0,0,794.8,21.6,128.6,-484.3,-99.7,0,1138.2,-191.4,102.3,-2750.8,100.5,0,3027,-14,-34,2448,44,18,2179,48,-116,1976,41,-7,0,0,0,0,0,0,522,492,521,511,470,474,421,348,423,0,6,26,11,17,6,7,12,-45,13,0,-12,-97,-6,-8,83,-76,2,-47,0,0,423,13,0,0,0,0,
A081580,성우전자,IT 장비 및 소재,스마트폰 부품,코스닥,2625,407,1551,30,1.9,0,0,2.3,8,18.2,25.9,2.9,-4,-41.3,4.02,4.4,6.23,2.8,-6.29,-0.45,0,-6.03,1.17,6.8,-6.78,0,-5.62,0,5.73,-18.5,0.36,0.36,0,-2.36,1.39,0.23,0.67,0.4,0.4,10,-5.79,-5.22,-5.9,26.02,0,0,4.78,-5.18,-5.65,89.43,290,312.2,21,21,13,0,0,-100,3.42,0,0,0.03895,1.0903,214,1014,578,41,85,0,1228,1145,-72,-69,31,49,71,-32,6,93,0,1.25,1.86,1.44,-32.4,-13.03,2430,2220,2085,2550,2735,3010,1280,1,1,1,1,87,105,0.01,0.02,0.03,0.01,0.12,0.13,0.01,0.42,0.43,-0.16,0.64,0.48,-0.07,0.5,0.43,29,174,-8.29569,-49,0,1947,462,1,0,0,0,0,-5373,0,0,0,1,20160324,20201116,0,0,0,0,0,0,0,0,0,0,0,0,0,-755.2,-658.3,-624.3,-8.6,-6,0,33,14,-22,0,1,0,1,1,0,1,0,0,4,-31.3,-11.8,6.3,-13.6,-25.2,0,0,-25.6,-28.5,27.3,-41.7,7.7,0,-6.6,-10.6,22.2,-42.9,72.7,0,-161.4,-676.9,3.6,-22.1,-176.1,0,0,-137,-254.8,-717,-671.7,82,0,-255.8,-363.2,63.6,-28.7,91.7,0,-145.7,-592.5,-44.2,18.1,-169.4,0,0,-114.2,-434.8,-107.8,-893.3,181.6,0,-190.3,-1080,99.5,-5753.6,123.9,0,1727,83,129,1835,86,72,1586,67,85,1187,-51,-59,0,0,0,0,0,0,417,388,267,332,311,278,339,194,334,0,22,25,-2,-2,-8,-38,-14,-18,-1,0,34,17,4,-2,-5,-57,0,-16,4,0,334,-1,4,0,0,0,
A011420,갤럭시아에스엠,미디어 및 엔터,매니지먼트,코스피,1360,375,2755,0,0,0,-1.1,-1.4,-6.8,-4.2,1.9,-5.2,-16,-55.9,8.5,9,9.3,-9.8,3.77,14.52,0,0,12.26,-16.9,0,0,0,0,9.55,9.62,1.41,1.57,0,0,2.84,1.27,1.71,1.67,1.67,-13,0,-151.21,0,14.65,0,0,17.34,56.22,41.67,14.13,253,252.51,35,29,1,0,0,0,0,0,0,0.04506,1.63183,64,218,117,0,90,0,282,239,9,0,17,24,39,-36,-19,0,0,2.42,3.02,3.17,-19.95,-23.56,1460,1420,1335,1435,1620,2165,743,0,0,0,0,63,83,0,-0.04,-0.04,0.01,0.03,0.04,0.07,0.35,0.42,0.1,0.39,0.49,0.35,-0.71,-0.36,59,131,-2.08197,0,0,2181,462,1,0,0,0,0,0,0,0,0,1,0,20201116,0,0,0,0,0,0,0,0,0,0,0,0,0,138,100,100,-12.9,-1.8,0,23,2,39,0,1,0,1,1,1,1,1,1,7,-38.3,2,-32.9,-29.5,30.5,0,0,50.6,103,-25,-17.8,-34.4,0,20.7,31.4,-73.2,93.3,-3.6,0,85.7,138.7,0,-91.4,92.5,0,0,162.1,105.2,74.4,302.6,54.4,0,420.9,-81.1,-344.1,236.6,144.5,0,12.5,100,-268.8,-171.2,91.3,0,0,144.1,96,79.9,69,66.7,0,294.9,-183.6,22.1,75.6,1149.2,0,465,-35,-16,312,-35,-59,220,-67,-160,287,-5,-14,0,0,0,0,0,0,53,51,37,66,80,105,28,54,52,0,-8,-18,-9,-2,5,1,-2,3,8,0,-9,-80,-12,-2,4,-3,-3,-1,6,0,52,8,6,0,0,0,
A085910,네오티스,기계,기계,코스닥,3860,425,1101,57,5.2,0,0.1,0.3,3.5,2,8.7,1.6,-3.3,-19,9.76,23.6,22.96,7.6,9.95,8.38,0,2.55,7.79,-3,2.43,0,1.04,0,13.21,-212.5,1.07,1.08,0,43.78,1.22,0.46,1.03,1.03,1.03,-31.7,40.29,31.2,42.5,13.66,0,0,7.2,10,10.9,-19.53,96,110.91,134,138,97,192.99,6.48,-19.58,9.67,2.83,6.48,0.02233,0.6822,557,404,474,65,161,0,961,392,39,10,73,94,32,-67,163,34,250,0.44,0.51,0.52,-13.76,-14.97,3730,3785,3550,3800,3990,4035,2600,1,1,1,1,96,48,-0.02,0,-0.02,-0.01,0,-0.01,-0.17,0,-0.17,-0.24,-0.01,-0.25,-0.18,-0.04,-0.22,84,224,1.43918,374,0,917,462,1,0,0,0,0,1032,0,0,0,1,0,20201116,0,0,0,0,0,0,0,0,0,0,0,0,0,19.6,-60.5,-61.9,14.2,-3.2,0,89,78,-2,1,1,0,1,0,1,1,1,0,6,5.5,-6.7,8.2,3.9,-6.2,0,0,-11.5,3.4,10.1,-35.5,-4.9,0,3.4,17.2,-15.9,-36.7,52.3,0,36,11.5,32,42.4,-27.7,0,0,-22.1,-7.6,162.2,220.2,-26.6,0,996.2,49.4,-36.9,-69,151.4,0,187.5,-63.1,-356.3,141.1,-53.3,0,0,29.1,-99.1,177.8,-643,-29.9,0,1390.7,-98.8,6653.8,-172.8,221.8,0,402,25,-16,435,33,-73,452,47,30,424,34,14,0,0,0,0,0,0,119,119,94,102,105,123,104,66,100,0,15,18,4,1,11,17,11,3,8,0,9,14,3,-1,11,0,9,-6,8,0,100,8,8,0,0,0,
A051390,YW,유통,유통,코스닥,3805,432,1136,274,24.1,0,0.9,0.1,8.3,2.6,0.7,4.2,8.4,-3.8,6.42,42.3,56.21,13.6,20.23,26.06,0,16.76,19.33,2.8,4.02,0,2.52,0,8.14,8.15,2.47,2.5,0,8.94,1.29,0.51,0.62,0.6,0.6,22,11.31,17.89,14.9,14.94,0,0,8.29,14.59,12.34,64.81,240,241.31,61,61,28,22.76,1.31,-38.18,2.95,0,1.31,0.02393,0.7344,438,714,718,3,419,0,1152,173,35,29,35,74,53,-44,-23,0,50,2.49,1.31,1.19,90.82,109.69,3515,3710,3780,3650,3510,4065,2560,1,1,1,1,94,49,0,-0.01,-0.01,0,0,0,0,0,0,-0.24,-0.11,-0.35,1.04,-0.22,0.82,47,118,0.46481,130,0,452,462,1,0,0,0,0,2925,0,0,0,1,0,20201116,0,0,0,0,0,0,0,0,0,0,0,0,0,36.6,54,20.9,3.9,1.2,0,63,11,53,1,1,1,1,0,0,1,1,0,6,-34.9,-20.6,-10.5,11.4,-34.7,0,0,-19.1,-34.6,3.3,-34.9,-6.2,0,-26.3,21.5,6.2,-31.5,6.2,0,-30,8.5,5,-21.4,-15.2,0,0,-5.9,-42.8,2.3,24.7,120.1,0,-40.2,41.8,53.7,-4.2,5.5,0,-23.1,22.4,11.5,-24.1,-9.1,0,0,56.3,-48.9,25.1,45.8,152.8,0,-47.1,42.3,129.2,-15.4,-8.4,0,295,40,26,264,42,29,294,33,22,192,28,20,0,0,0,0,0,0,49,74,50,54,40,48,51,35,37,0,5,11,9,7,4,6,10,9,10,0,2,8,7,5,3,4,9,8,7,0,37,10,7,0,0,0,
A012620,원일특강,철강 및 비철강,제강,코스닥,8780,386,440,0,0,0,0.5,0.5,3.9,2.7,1.6,3.1,0.9,-12.2,8.02,7.5,6.96,3.5,2.5,1.52,0,3.63,0.66,6.1,7.21,0,3.79,0,2.17,2.43,0.16,0.16,0,1.42,0.64,0.24,0.43,0.32,0.32,6.8,4.44,4.24,4.44,26.73,0,0,10.71,5.68,6.43,100,120,169.71,91,91,72,6.64,1.71,76.47,1.67,0.7,1.71,0.02133,0.56029,1095,1203,1481,432,70,24,2298,2398,60,87,93,183,178,127,-134,19,150,0.58,0.78,0.66,-25.24,-12.32,8450,8550,8640,8520,8700,10000,5080,0,1,1,1,88,73,0,0.01,0.01,0.01,0.02,0.03,0.04,0.01,0.05,0.09,-0.17,-0.08,-2.05,0.18,-1.87,50,133,0.83405,56,0,107,462,1,0,0,0,0,15785,0,0,0,1,0,20201116,0,0,0,0,0,0,0,0,0,0,0,0,0,-24,93.1,70.5,1.1,7.5,0,117,69,159,1,1,1,1,1,1,1,0,0,7,23.9,-5.2,13.4,9.4,0,0,0,-6.3,4.7,1.2,-15.7,-9.6,0,-13.7,4.7,1.1,-7.8,-7.5,0,24.3,-28,24.3,3.3,-3.2,0,0,-51.1,62.6,-23.2,-63.4,-49.4,0,-44.5,38.9,-19.1,-41.3,-23.3,0,90.4,83.3,38.5,-6.9,47.8,0,0,-75.6,1119.2,-46.1,-4.4,-51.2,0,-61.6,665.5,-84.6,111,-80.4,0,2064,74,52,2340,92,72,2559,95,67,2558,92,99,0,0,0,0,0,0,642,602,629,697,602,630,637,587,544,0,33,14,24,29,16,23,18,11,8,0,30,5,16,19,7,57,9,18,4,0,544,8,4,0,0,0,
A025880,케이씨피드,식음료,사료,코스닥,2200,368,1672,93,5.6,0,0.7,-1.3,5,6.8,7.3,5.5,-3.9,0.7,8.97,14,14.29,1,-1.94,1.5,0,-8.97,2.02,0.4,-11.36,0,-5.87,0,9.36,16.73,0.56,0.55,0,-4.29,1.76,0.34,0.85,0.7,0.7,108.7,-5.79,-5.92,-6.13,27.38,0,0,89.78,-23.53,-28.31,-0.54,104,124.55,95,95,81,0,0.68,-54.07,2.76,0.61,0.68,0.03544,1.152,498,525,496,83,269,0,1023,669,-13,-60,6,92,39,-26,-22,17,15,1.8,2.48,4.14,-27.16,-56.43,2095,2060,2050,2085,2290,2650,1055,0,0,1,1,83,109,0,-0.03,-0.03,0.01,-0.29,-0.28,0.03,0.87,0.9,-0.29,0.73,0.44,0,1.14,1.14,40,206,-3.90207,-53,0,1931,462,1,0,0,0,0,-4129,0,0,0,1,0,20201113,0,0,0,0,0,0,0,0,0,0,0,0,0,-283,-574.6,-654.5,-7.4,-10.6,0,101,54,22,0,1,0,1,0,0,1,0,1,4,-20.4,4.5,-1.4,-20.1,0.9,0,0,4.5,1.8,5.5,2.2,8.9,0,-5.4,12.8,-4,-0.3,0.9,0,-189.5,-292,52.6,-86.2,-525,0,0,80.9,-563.8,454.8,-17.5,536.8,0,-121.2,-3342.1,111.9,-4.7,12.2,0,-912.5,-595.5,750,-85.3,-750,0,0,187.1,-1022.9,407.9,-22.2,232.7,0,-64.4,-6953.5,105.6,-42.7,52,0,808,19,8,797,29,68,637,4,10,643,-17,-65,0,0,0,0,0,0,146,169,157,161,153,172,165,165,166,0,-3,4,0,3,-1,-20,2,2,2,0,-1,8,1,3,1,-69,4,2,3,0,166,2,3,0,0,0,
A024070,WISCOM,화학,합성수지,코스피,2455,376,1533,0,0,0,-0.6,0.2,5.6,5.1,10.3,-1,-6.1,-42,4.14,5.1,3.14,0.6,-1.15,0.68,0,-0.67,1.36,1.1,-0.6,0,-0.54,0,8.27,-15.04,0.35,0.36,0,-17.19,0.77,0.24,0.47,0.32,0.32,40.9,-53.71,-29.31,-53.71,26.48,0,0,0,-30.27,-31.33,156.91,563,622.44,12,12,1,71.22,2.04,-71.06,7.6,0,2.04,0.01962,0.57205,139,1169,729,70,25,15,1308,1048,-12,-7,22,54,46,12,-9,71,50,1.52,2.22,2.16,-31.59,-29.7,2325,2335,2225,2480,2615,2780,1630,1,1,1,1,88,51,-0.11,0.02,-0.09,-0.42,0.17,-0.25,-0.6,0.69,0.09,-1.83,0.85,-0.98,-3.02,0.66,-2.36,42,133,5.88511,-271,0,1528,462,1,0,0,0,0,-906,0,0,0,1,0,20201113,0,0,0,0,0,0,0,0,0,0,0,0,0,-185.2,-132.4,-130.3,-3.1,-1.4,0,81,25,-25,0,1,0,1,1,1,1,0,0,5,-14.1,-8.1,-13.1,-4.3,3.2,0,0,5.5,4.9,-2,-29.2,-5.1,0,-7.3,5.6,-2.6,-25.7,24.2,0,-46.7,-178,-80,-200,366.7,0,0,137.4,-164.6,-30.6,-269.9,35.1,0,-82.3,-313,158.4,-871.2,114.1,0,-42.1,-129.7,-94.7,1000,0,0,0,11,-151.8,-8.9,-194.4,251.7,0,-119.7,-86.8,216.5,-320.2,131.7,0,1345,15,19,1169,3,1,1119,-3,11,1155,8,11,0,0,0,0,0,0,262,278,290,298,276,291,284,211,262,0,-4,4,2,7,1,-3,2,-13,2,0,-3,8,6,12,-2,-4,5,-11,4,0,262,2,4,0,0,0,
A065440,이루온,IT서비스,시스템서비스,코스닥,1405,383,2728,84,3.1,0,2.9,4.1,8.9,0,-10.8,-4.4,2.2,-37.3,24.07,26.2,26.62,1.9,-0.48,8.04,0,0,15.6,-3.8,0,0,0,0,8.5,8.51,0.78,0.93,0,0,6.01,0.63,2.21,1.1,1.1,-304.1,0,44.85,0,6.84,0,0,9.16,29.39,-191.5,47.52,258,267.91,61,61,37,0,0,0,0,0,0,0.04135,1.28994,203,333,385,14,20,0,536,414,-2,0,23,129,45,9,-13,0,0,5.17,3.36,2.78,54.07,85.9,1290,1405,1575,1470,1375,1700,821,1,1,1,1,83,71,0.01,0.14,0.15,0.05,0.38,0.42,0.23,1.22,1.45,0.21,0.56,0.77,0.38,1.01,1.39,18,175,5.97368,-1653,0,1278,462,1,0,0,0,0,-85,0,0,0,1,0,20201113,0,0,0,0,0,0,0,0,0,0,0,0,0,-107.9,-100,-100,-3.3,0.1,0,49,14,45,1,1,1,1,1,1,1,1,1,9,-6.1,-25.1,-33.7,38.4,2.3,0,0,55.7,-26.7,-9.9,9.7,-46.7,0,124.6,-4,-50.1,1.9,9.2,0,100,-105.9,-180,425,-23.1,0,0,18416.7,-95.8,59.1,-10.9,-67.6,0,430.7,-95.3,-365.7,-167,196.8,0,150,-100,-70,152.9,-44.4,0,0,114250,-116.3,56.9,-18,-38.7,0,463.5,-116,12,-130.1,288.8,0,526,5,-10,349,-4,-17,483,13,9,494,10,5,0,0,0,0,0,0,108,220,89,75,168,161,81,82,90,0,0,25,-7,-7,22,1,-3,-7,7,0,0,23,-7,-6,23,-4,-3,-7,14,0,90,7,14,0,0,0,
A065690,파커스,전기 및 전자기기,LED,코스닥,3000,419,1396,72,5.2,0,-0.3,1.2,7,4.3,26.6,19,4,-13.5,5.3,6.4,13.06,1.4,-2.46,2.78,0,-1.29,2.76,1.3,-1.33,0,-0.99,0,4.68,7.76,0.45,0.49,0,-19.43,0.95,0.28,0.58,0.51,0.51,44.4,-36.11,-15.31,-38.09,17.66,0,0,10.85,-10.35,-19.95,79.47,280,323.79,36,36,21,0,5,231.17,9.15,0,5,0.03634,1.11861,294,820,627,85,236,0,1114,852,-21,-11,19,59,89,159,-140,35,150,2.1,2.62,2.69,-19.56,-21.73,2805,2875,2370,2520,2885,3110,1345,0,0,1,1,96,123,0,0.09,0.09,0,0.23,0.23,0.19,0.66,0.85,0.17,1.51,1.68,-0.21,1.9,1.69,54,182,-4.89062,-172,0,1626,462,1,0,0,0,0,-1741,0,0,0,1,20180417,20201116,0,0,0,0,0,0,0,0,0,0,0,0,0,-12.3,-578.9,-502,-14.7,-7.4,0,51,36,54,0,1,0,1,1,1,1,0,1,6,57.7,-15.9,0.9,55.3,0.6,0,0,26.9,-2.3,-8.5,-25.3,-24.4,0,8.7,-18.1,-10.4,-6.3,9.9,0,-197.6,5.2,-119,375,-286.4,0,0,-360.8,-340.7,-96.3,107.8,143,0,-99.3,2.5,-0.7,104,1005.6,0,-244,-458.4,-204,273.1,-180,0,0,-129.1,-4884.1,262.8,-17.8,158.4,0,-289.7,-238.8,137.1,-65.5,34.8,0,639,42,25,645,-8,-26,1002,22,45,1008,-41,-36,0,0,0,0,0,0,224,239,228,262,285,233,209,196,215,0,-3,6,-7,-7,-14,-14,-14,1,6,0,-4,-1,4,5,-10,-34,13,4,6,0,215,6,6,0,0,0,
A079000,와토스코리아,건설 및 건축자재,위생도기,코스닥,5480,395,720,0,0,0,0.6,0.4,3.4,3.4,10.4,9.6,-2.8,-16.2,6.22,27.2,27.86,6.1,-2.7,-4.71,0,4.32,2.35,3.4,1.06,0,1.02,0,9.81,9.88,2.19,2.14,0,25.68,1.47,0.39,0.7,0.52,0.52,48.2,49.38,34.56,49.38,87.39,0,0,129.82,-692.98,-79,127.59,3435,3630.36,5,5,1,45.74,3.65,67.48,3.61,0,3.65,0.02143,0.39754,35,753,539,29,59,0,788,185,-5,8,-1,49,40,2,-15,0,200,0.68,1.59,1,-57.4,-32.12,5300,5300,4965,5000,5640,6130,3550,0,1,1,1,89,54,0,0.02,0.02,0.01,0.04,0.05,0.05,0.11,0.16,0.19,0.41,0.6,0.24,0.39,0.63,35,133,1.12955,-682,0,1375,462,1,0,0,0,0,-804,0,0,0,1,0,20201113,0,0,0,0,0,0,0,0,0,0,0,0,0,-127.5,-80.8,-82.4,-0.4,0.2,0,67,81,40,1,1,0,1,0,1,1,0,0,5,3.4,-8.1,20.9,-0.5,-14.1,0,0,-12,-27,-2.6,-4,10.3,0,-6.5,12.5,-13.4,5.4,7.4,0,-80.8,-125.3,34.6,-42.9,-75,0,0,29,-110.6,-58.8,-97.9,-213.5,0,-62,-170.5,9.9,108.7,-2163.6,0,-8.8,-82.3,5.9,-19.4,6.9,0,0,28.7,-99.8,-55.9,-77.4,-75.5,0,-80.4,-99.4,4766.7,264.4,-78.8,0,177,26,34,214,35,36,213,20,29,183,5,31,0,0,0,0,0,0,50,67,44,47,44,49,43,45,48,0,2,13,-1,5,2,-1,-1,0,-2,0,4,14,3,24,5,0,1,5,1,0,48,-2,1,0,0,0,
A046310,백금T&A,자동차 및 관련부품,전장부품,코스닥,2575,418,1625,0,0,5.5,0.4,-1.7,6.8,-1.3,-14,-14.7,-6.7,-53.6,46.07,25.7,24.52,5.1,8,3.11,0,-0.84,1.87,2.9,-2.83,0,-1.46,0,4.99,5.1,0.28,0.29,0,-34.48,3.78,0.3,1.62,0.99,0.99,35.8,-34.83,623.88,-34.83,19.28,0,0,1.64,2.97,3.63,89.47,175,240.16,70,96,40,42.41,1.94,263.98,3.27,0,1.94,0.03464,1.25534,403,418,777,211,131,0,821,1437,115,-12,170,378,84,-87,15,2,50,4.53,3.29,3.67,37.93,23.5,2410,2610,2995,3020,2760,3220,1455,1,1,1,0,80,77,0,0.38,0.38,0,0.14,0.14,0,0.94,0.94,0.16,0.82,0.98,-2.87,0.74,-2.13,26,330,7.38658,-305,0,1494,462,1,0,0,0,0,-843,0,0,0,1,0,20201113,0,0,0,0,0,0,0,0,0,0,0,0,0,-23.2,-154.9,-158.3,4.8,0.4,0,42,70,82,1,1,0,1,1,1,0,0,1,6,158.5,7.2,69.4,10,38.7,0,0,7.8,84.7,23.7,-37.6,-10.8,0,-24.9,44.8,-13.5,-33.6,7.3,0,940.9,-17.6,363.6,12.1,184.6,0,0,53.9,1468.3,27.8,-90.2,-74.1,0,-43,38.1,8.5,-88.6,51.4,0,194.7,-158.6,252.6,58.6,-60.9,0,0,139.6,-28.6,-94.4,-725.5,-69.3,0,1980.9,-155.9,106.5,-1312.5,169.8,0,602,-22,-19,1020,58,29,1122,65,46,1556,185,18,0,0,0,0,0,0,301,255,329,433,325,470,407,270,290,0,23,3,41,61,35,48,52,6,9,0,7,-8,11,-1,18,-10,1,-8,5,0,290,9,5,0,0,0,
A173130,오파스넷,IT서비스,시스템서비스,코스닥,10650,429,403,11,2.7,0,2.4,3.4,13.3,-5.8,50.8,47.9,72.6,150.7,21.74,13.2,15.33,3.2,5.01,7.86,0,0.61,7.39,-21.4,3.54,0,1.06,0,-3.43,-3.43,0.4,0.37,0,133,2.78,0.72,1.34,2.17,2.17,-11.8,59.63,-35.37,61.29,5.15,0,0,7.06,11.64,7.4,-13.05,110,163.45,245,272,57,0,0,0,0,0,0,0.03274,0.60284,481,177,425,140,78,0,658,1157,58,7,37,143,-125,88,63,0,0,8.24,6.73,5.68,22.44,44.99,9400,11300,7060,7200,6170,12250,5120,1,1,1,1,87,108,0,0.56,0.56,0.01,0.75,0.76,0.06,1.65,1.71,-0.06,2.35,2.29,2.86,2.53,5.39,78,301,-3.74507,592,0,1028,462,1,0,0,0,0,1800,0,0,1,1,20180806,20201026,0,0,0,0,0,0,0,0,0,0,0,0,0,36.5,109.2,111.8,15.1,-9,0,29,45,-125,0,0,0,0,0,1,1,0,0,2,45.4,16.8,-0.3,10.8,31.6,0,0,33.1,14.5,6.4,12,35.3,0,-19.8,92.1,-53.6,56.7,-3.1,0,-26.2,59.3,-16.7,-11.4,0,0,0,2.8,-25.4,-268.5,110.3,1427.6,0,-85.7,1080,-118.1,790,3.6,0,-666.7,110.7,47.6,-25.8,-617.4,0,0,3.8,-273.1,-246.8,125.8,990.1,0,102.1,-1870.2,90.6,823.7,-9.2,0,716,42,21,714,35,31,791,31,23,1041,31,-119,0,0,0,0,0,0,156,349,174,259,208,400,185,291,282,0,1,23,2,10,1,17,-3,21,22,0,2,20,2,-89,2,-34,-3,23,21,0,282,22,21,0,0,0,
A005820,원림,종이 및 용기,용기 및 포장재,코스피,19950,439,220,24,10.9,0,4.2,1.8,6.1,10.8,20.5,13,15.3,-16.9,10.98,20.6,23.42,6.4,7.58,12.95,0,23.89,90.41,3.1,15.89,0,12.83,0,5.93,8.28,0.63,0.63,0,1.1,0.78,0.31,0.54,0.42,0.42,17.2,2.34,50.29,2.63,0.69,0,0,4.92,14.44,8.28,84.74,222,275.44,35,46,21,16.52,1.25,-20.93,4.26,0,1.25,0.02213,0.49265,409,893,781,153,519,221,1302,699,53,167,52,143,74,-141,20,21,250,1.68,0.76,0.39,120.86,325.97,18800,18000,16550,17650,17300,19950,12700,1,1,1,1,100,57,0,0,0,0.03,0,0.03,0.05,-0.01,0.04,0.21,0,0.21,0.2,-0.11,0.09,54,135,17.9163,72,0,186,462,1,0,0,0,0,27886,0,0,0,1,0,20201116,0,0,0,0,0,0,0,0,0,0,0,0,0,131.8,2944,2169.6,1.9,18.3,0,72,101,53,1,1,1,1,0,1,1,1,0,7,-7.4,-14.3,-13.2,6.5,0.3,0,0,-0.2,-10.7,-24.7,-22.2,2.8,0,-15.5,23.3,-24.8,-0.8,11.7,0,-59.6,98.7,-51.9,-60,110,0,0,-118.7,620.5,-94.7,27.7,7906.9,0,-103,6162.1,-95.5,1459.5,83.8,0,-57.1,2548.7,-47.1,-124.3,433.3,0,0,-100.3,212.8,-268.6,-109.3,1580500,0,-100.2,193500,-152.7,96.1,39610,0,854,104,70,741,50,37,789,20,-9,791,42,30,0,0,0,0,0,0,170,235,209,201,170,210,158,156,175,0,2,2,15,10,0,18,1,12,23,0,3,-17,6,4,0,19,-10,0,158,0,175,23,158,0,0,0,
A009140,경인전자,전기 및 전자기기,전기장비,코스피,22600,355,157,27,17.2,0,0.2,-3.8,-10,12.2,27.3,28,11.1,9.4,5.74,19.6,19.75,-3.4,1.93,10.91,0,12.56,12.73,0.1,4.62,0,4.38,0,-109.68,-71,2.04,1.71,0,8.6,0.88,0.32,0.61,0.63,0.63,506.4,11.31,19.27,13.65,9.46,0,0,13.82,-54.45,88.75,120.56,1345,1393.88,7,7,1,136.84,1.11,-25.11,4.22,1.11,1.11,0.02914,0.16906,39,554,467,16,85,22,593,207,4,26,-2,34,-4,69,-3,1,250,0.51,0.69,1.3,-25.67,-60.79,25100,20150,17750,17650,20350,28600,14850,0,0,1,1,79,52,0,0,0,0,0,0,0,0,0,0.12,-0.01,0.11,0.11,-0.06,0.05,72,197,2.45045,766,0,1066,462,1,0,0,0,0,2949,0,1,1,1,0,20201113,0,0,0,0,0,0,0,0,0,0,0,0,0,116.8,427.1,556.5,5,4.4,0,141,42,-5,1,0,1,0,0,0,1,1,0,4,-50,45.5,-17.3,-15.9,-28.1,0,0,-37.8,-21.4,5,120.8,84.2,0,23.2,-16,-15.5,152.5,2.7,0,-328.6,124.5,-200,-142.9,5.9,0,0,-2.7,4.7,14.1,222.4,403.4,0,33.4,-60,-6.1,208.2,65.1,0,-93.3,576.2,-200,76.7,128.6,0,0,0.7,204.4,285.3,2210.5,551.4,0,478.9,179.9,22.3,62.7,17,0,266,7,30,220,-7,-30,185,-17,-7,133,-16,2,0,0,0,0,0,0,64,43,27,32,40,34,28,72,74,0,-3,-4,-5,-4,-3,-4,-5,5,8,0,1,-4,-3,0,1,4,5,8,9,0,74,8,9,0,0,0,
A225590,패션플랫폼,섬유 및 의류,의류,코스닥,1275,340,2664,103,3.9,0,1.6,-0.4,11.4,9.4,9.9,11.4,5.4,-36.6,75.46,57.4,55.79,7.8,8.69,14.46,0,6.64,11.14,10.3,10.33,0,7.87,0,5.71,5.67,0.48,0.54,0,6.8,2.67,0.49,1.22,0.84,0.84,16.6,7.78,8.24,8.1,6.18,0,0,4.97,6.78,6.18,62.65,214,384.02,35,36,10,0,0,0,0,0,0,0.03534,1.17273,141,393,354,157,100,0,534,633,55,42,50,403,60,28,-31,0,0,2.06,2,2.89,2.74,-28.83,1145,1165,1160,1145,1210,1380,579,1,1,1,1,92,120,0.02,0.05,0.07,-0.02,0.21,0.19,-0.06,1,0.94,-0.11,0.59,0.48,-0.1,0.81,0.71,31,171,0.81517,72,0,186,462,1,0,0,0,0,1764,0,0,0,1,20180618,20201116,0,0,0,0,0,0,0,0,0,0,0,0,0,47.5,82.4,37.5,6.6,8.8,0,39,179,60,1,1,0,1,1,1,1,1,0,7,0,-18,0,13.8,6.9,0,0,15.6,10.6,-30.6,-19.3,-35.9,0,-0.3,19.6,-46.3,25.8,-20.7,0,0,21,0,-3.8,22,0,0,-32.4,143.1,5604.5,-103,37.6,0,-41.4,98.3,-52.9,-105.5,2804.5,0,0,49.5,0,-71.4,241.7,0,0,-38.1,256.4,3120.6,-110.8,7.6,0,30.8,45.3,-41,-109.7,1397.2,0,0,0,0,653,52,42,743,50,12,794,61,41,0,0,0,0,0,0,166,208,178,193,192,230,124,156,123,0,19,11,0,22,13,26,12,-1,18,0,21,5,0,10,13,19,11,-1,14,0,123,18,14,0,0,0,
A119500,포메탈,자동차 및 관련부품,기타 자동차부품,코스닥,3585,425,1185,0,0,0,1.1,0.8,5.9,-3.1,22.6,31.3,18.9,-6.8,9.53,11.5,12.11,4,3.47,1.23,0,3.67,0.99,3.8,4.24,0,3.03,0,11.45,11.49,0.82,0.82,0,21.25,3.46,0.48,1.03,0.95,0.95,63.2,22.37,18.17,22.37,93.2,0,0,23.53,20,23.61,-2.59,115,164.35,40,40,19,32.28,1.67,31.61,2.05,0,1.67,0.04576,0.56839,180,447,169,51,1,0,627,518,18,19,21,60,37,-24,-9,0,60,2.76,4.95,8.39,-44.21,-67.08,3385,3700,2925,2730,3015,4820,1540,0,0,0,1,74,133,0,-0.01,-0.01,-0.09,-0.6,-0.69,-0.07,1.82,1.75,-0.05,-3.35,-3.4,0.29,-4.17,-3.88,27,198,0.3531,204,0,681,462,1,0,0,0,0,1758,0,0,0,1,20180313,20201116,0,0,0,0,0,0,0,0,0,0,0,0,0,-13,-2.7,-3.3,-1,0.9,0,64,42,37,1,1,1,1,0,1,1,1,0,7,12.7,0.4,17.9,2.6,-6.9,0,0,-12.9,-0.3,10.2,-5.8,-1.3,0,-18.2,13.6,3.1,-1.8,-14.2,0,-12.5,-12.7,29.2,-32.3,0,0,0,-23.1,35,-6.5,3.9,-69.1,0,-28.1,-27.7,102.1,-1.2,-78.6,0,15.8,-2.4,31.6,-16,4.8,0,0,6.2,136.6,17,3.5,-78.6,0,2.3,-17.4,88,-34.8,-78.8,0,458,24,19,540,31,25,554,21,21,516,21,22,0,0,0,0,0,0,134,133,124,142,117,132,137,134,115,0,6,2,7,6,5,3,7,7,1,0,5,2,7,5,5,4,8,5,1,0,115,1,1,0,0,0,
A072950,빛샘전자,통신,통신장비,코스닥,5800,348,600,25,4.2,0,-1.9,-2.5,3,9,7.8,9.2,8,0,11.36,17.4,17.7,4.7,3.09,-0.9,0,3.33,0.08,5.4,2.51,0,2.21,0,7.21,7.73,0.84,0.83,0,15.41,2.31,0.4,0.7,0.62,0.62,13.1,23.81,21.23,24.86,966.67,0,0,2.63,23.63,26.77,94.54,688,820.66,13,14,2,30.05,1.72,32.47,6.48,0,1.72,0.03424,1.21066,76,558,405,65,13,0,634,421,13,14,25,72,48,-35,-6,3,100,2.54,3.04,5.58,-16.41,-54.53,5630,5320,5380,5310,5370,6270,2800,0,0,1,1,93,107,0.03,0,0.03,0.09,0.31,0.41,0.17,0.42,0.59,0.17,0.32,0.49,0.02,0.36,0.38,27,155,0.63961,231,0,735,462,1,0,0,0,0,2508,0,0,0,1,0,20201116,0,0,0,0,0,0,0,0,0,0,0,0,0,37.3,26.6,8.6,-0.9,0.9,0,48,69,45,1,1,0,1,1,1,1,0,0,6,-20.8,-13.2,-3.8,-16,-2.1,0,0,-1.7,-13.7,-25.5,-18.8,7.1,0,-10.2,23.9,-36,14.2,18.5,0,-32.1,19.3,42.9,-60,18.8,0,0,-86.8,543.4,-36.1,-69.6,-231.2,0,-71.8,1111.7,-59.3,-78.2,-221.7,0,-34.5,9.5,20.7,-51.4,11.8,0,0,-63.5,342.7,-18.8,-64.4,-95.9,0,-7.9,272.3,-37.1,-83.5,-89.4,0,586,28,29,564,40,35,474,16,17,464,19,19,0,0,0,0,0,0,107,151,112,117,105,130,83,95,113,0,6,1,6,3,1,9,4,1,-1,0,6,2,6,2,2,8,5,1,0,0,113,-1,0,0,0,0,
A215090,이디티,기계,우주항공,코스닥,838,219,2614,5,0.2,72.8,0,-5.3,17.5,-16.2,-49.6,-46,-60.9,-69.3,10.77,13.7,35.27,-4.8,-9.57,14.52,1.55,-20.21,12.36,-14.9,-22.88,7.06,-17.04,5.11,-63.08,-54.75,1.25,1.16,0.14,-7.6,6.29,1.32,2.85,1.32,1.29,-29.4,-5.75,-4.58,-5.76,6.78,109.5,18.25,0,-7.32,-12.17,84.02,172,224.33,30,41,22,0,0,0,0,0,0,0.05977,0.85118,65,158,249,58,49,0,223,188,-18,-38,-30,24,-4,-51,162,0,0,1.95,2.81,6.76,-30.43,-71.1,713,1000,1662,1552,2143,2721,713,0,1,0,0,31,18,0,0.07,0.07,0,0.99,0.99,0,2.19,2.19,0,1.47,1.47,0.01,2.76,2.77,21,100,-1.46652,-52,0,1937,462,1,0,0,0,0,-1601,0,0,0,1,20200626,20201116,0,0,0,0,0,0,0,9.1,33.3,300,0,131.6,80,-72.7,-54,-64.5,5.6,-6.7,7.6,25,111,-4,0,0,0,1,1,0,0,0,1,3,0,-0.3,0,7.2,-14.4,9,14.4,7,-17.2,-14.2,5.7,23.7,0,35,-2.6,-42.1,38.6,58,0,0,-72.2,0,-50,-512.5,109.1,466.7,-136.2,-698.4,-108.3,102.7,508.6,0,67.1,-717.7,53.5,102.2,4889.5,0,0,-53.5,0,-328.6,-262.5,103.4,550,-145.5,-1401.7,-181.4,72.3,507.6,0,91,-1451.5,70.5,32.9,232.7,0,0,0,0,194,16,7,208,8,-16,178,-33,-58,194,3,2,222,17,13,49,62,35,39,53,51,30,41,65,0,6,3,-4,-7,-2,-19,-9,0,9,0,4,2,-3,-22,-2,-31,-9,-6,8,0,65,9,8,0,0,0,
A048830,엔피케이,화학,합성수지,코스닥,1890,354,1872,3,0.2,0,1.6,0.3,5.9,23.9,23.5,23.1,2.4,-8.5,4.2,5,0.18,0,-0.95,5.98,0,-2.69,4.4,0.9,-4.3,0,-2.3,0,8.86,-14.75,0.57,0.56,0,-18.53,2.29,0.54,1.17,0.89,0.89,129.6,-20.78,-12.61,-20.82,11.35,0,0,15.79,-17.59,-59,-48.87,101,126.03,90,90,38,0,1.59,9.48,2.86,0.29,1.59,0.02924,0.87637,350,388,177,35,32,0,738,631,-6,-17,28,31,41,-64,-23,65,30,2.7,2.03,2.88,33.38,-6.24,1785,1525,1530,1535,1845,2065,967,1,1,1,1,92,95,0,0.09,0.09,0.01,0.17,0.18,0.19,1.42,1.61,0.18,1,1.18,0.16,1.67,1.83,39,165,-1.88917,-183,0,1613,462,1,0,0,0,0,-1032,0,0,0,1,0,20201113,0,0,0,0,0,0,0,0,0,0,0,0,0,-246.2,-2790,-2827.7,-6.3,-2.5,0,39,22,-24,0,1,0,1,1,0,1,0,1,5,-3.6,0.3,8.5,-7.9,-3.4,0,0,-3.7,14,-1.9,-17.9,6.8,0,8.9,3.4,-8.5,-20.4,41.8,0,-200,-247.1,566.7,-95,-400,0,0,-123.9,-474,-69.8,-414.1,397.8,0,-216.7,-148.3,120.9,-617.8,210.6,0,-142.1,-2756.3,-5.3,-116.7,-166.7,0,0,35.1,-1066.7,-50.6,-2131.3,326.7,0,-514.5,-184.9,120.6,-934.7,146.3,0,674,3,19,731,20,18,673,1,-3,650,-3,-8,0,0,0,0,0,0,173,151,160,152,166,172,157,125,177,0,-2,-2,6,3,-4,-9,2,-10,11,0,-5,-1,4,1,-3,-10,2,-17,8,0,177,11,8,0,0,0,
A032080,아즈텍WB,섬유 및 의류,의류,코스닥,1755,377,2149,50,2.3,0,-0.9,0.3,10,8,2,-8.8,-1.7,-19.5,4.1,12.7,-19.72,6.1,-1.99,7.42,0,8.26,11.8,3.8,3,0,2.47,0,-5.15,-5.16,1,1.07,0,5.07,1.06,0.33,0.55,0.39,0.39,33.9,12.7,13.17,13,8.09,0,0,0,-81.08,-53.86,93.37,143,250.11,23,23,20,0,0,-100,3.73,0,0,0.03414,0.87606,220,954,572,246,482,0,1174,351,-7,29,-5,48,-73,87,82,0,0,2.16,2.04,2.8,5.58,-22.88,1595,1625,1720,1925,1785,2130,1075,1,1,1,1,82,63,0.01,-0.03,-0.01,0.03,0.01,0.03,0.04,0.38,0.42,0.04,0.32,0.36,0.09,-0.81,-0.72,37,118,0.75026,-466,0,1413,462,1,0,0,0,0,-377,0,0,0,1,0,20201116,0,0,0,0,0,0,0,0,0,0,0,0,0,-142.7,-4,-30.9,2.3,4,0,73,254,-73,1,0,0,0,0,0,1,0,0,2,-15.2,-25,-34.6,36.6,-5.1,0,0,-7,-17.4,-25.2,-38.6,-21.9,0,25.4,-15.4,-22.1,-25.6,59.4,0,-17.1,-132.1,-180,171.4,45,0,0,-41.6,322.6,-46.5,-770.4,-25.4,0,142.1,-1.1,-68.9,-1001.3,126.9,0,11.6,-28,-109.3,1075,23.1,0,0,-32.9,86,-112,-27,1.1,0,166.1,37.6,-112.1,265.4,268.7,0,526,35,43,344,-28,-4,470,20,39,446,29,48,0,0,0,0,0,0,136,129,111,101,126,107,83,62,99,0,17,2,6,4,10,10,3,-27,7,0,17,9,16,4,12,16,-2,3,12,0,99,7,12,0,0,0,
A032280,삼일,운송 및 물류,육상운송,코스닥,2000,324,1621,120,7.4,0,5.3,3.4,12,2,3.6,2.6,0.5,-5.2,7.7,8.3,4.02,2.1,0.46,0.24,0,-4.11,23.36,0.7,-5.18,0,-3.65,0,7.33,7.53,0.35,0.37,0,-4.23,1.22,0.38,0.66,0.47,0.47,214.9,-8.33,-4.14,-9,1.78,0,0,69.62,43.55,81,-45.37,61,62.18,63,52,30,20.03,2.5,82.8,2.86,0,2.5,0.02333,0.77925,338,649,191,3,19,0,987,875,4,-36,7,76,43,-104,70,0,50,21.27,5.2,1.91,308.99,1010.82,1785,1960,1930,1950,1990,2080,1310,1,1,1,1,96,53,0,0.03,0.03,0,0.11,0.11,0,0.11,0.11,-0.01,0.15,0.14,-0.02,0.08,0.06,39,124,-4.99513,-83,0,1820,462,1,0,0,0,0,-2401,0,0,0,1,0,20201116,0,0,0,0,0,0,0,0,0,0,0,0,0,-78.1,-404.4,-350,5.8,10.4,0,51,2,43,0,1,0,1,0,0,1,0,0,3,3.9,-9.5,-1.7,7.4,-1.5,0,0,-1.7,-2,-7.4,-11.8,-17.4,0,0.7,4.7,-8,-9.2,-5.7,0,-10.7,-80.3,3.6,13.8,-24.2,0,0,-36.5,189.9,-77.2,-268.5,-89.1,0,14.4,70.1,-68.3,-373.1,107.4,0,32,-376.3,-20,30,26.9,0,0,-52.9,22233.3,-79.1,-3675.3,1529,0,-2.8,614,-92.2,-6677.6,144.3,0,925,28,25,909,29,20,976,33,26,961,25,33,0,0,0,0,0,0,240,252,245,234,236,247,227,206,195,0,7,2,10,4,4,7,2,-6,0,0,6,0,7,3,3,20,2,-103,45,0,195,0,45,0,0,0,
A093640,다믈멀티미디어,반도체 관련장비 및 부품,반도체 설계,코스닥,2920,352,1206,0,0,11.7,1,-2.8,-3.6,4.1,-2.7,-6.4,-18.8,-22.9,11.96,40.1,48.55,-0.8,1.08,4.16,0,-11.83,9.92,-5.4,-5.14,0,-3.29,0,67.84,70.4,3.53,3.78,0,-52.48,12.46,1.16,5.36,1.64,1.64,-135.4,-32,-12.97,-32,40.55,0,0,153.85,193.41,352,11.36,141,154.73,61,58,42,0,0,0,0,0,0,0.04395,1.22737,122,212,162,15,147,63,334,93,1,-11,2,40,5,-31,-4,0,0,1.53,3.63,3.53,-57.95,-56.72,3030,2805,3000,3120,3595,5100,1800,0,0,0,1,57,62,0,0,0,0.01,-0.14,-0.12,0.06,0.74,0.8,0.08,3.03,3.11,0.11,0.93,1.04,13,141,-3.35212,-279,0,1516,462,1,0,0,0,0,-1046,0,0,0,1,0,20201113,0,0,0,0,0,0,0,0,0,0,0,0,0,-62.9,-175.8,-96.7,-0.8,4,0,18,73,5,0,1,0,1,1,0,0,1,0,4,-49,-25.9,-28.8,-39.3,18,0,0,-10.1,24.1,-43.2,-44.5,-23.6,0,-6.5,5.2,-20.9,-28.6,28.6,0,400,-72.6,-1500,7.1,138.5,0,0,169.4,123.6,-124.5,-80.2,-36.4,0,-35.6,-9.8,-203.9,132.8,106.8,0,400,-104.5,-4200,12.2,113.9,0,0,-437.2,95.4,-190.3,-141.4,115.7,0,-233.9,96.2,-1530.8,49.4,150.6,0,257,2,1,183,-28,-41,111,-26,-36,131,10,5,0,0,0,0,0,0,32,24,42,31,29,30,24,17,22,0,-2,-5,5,2,1,1,-1,0,1,0,-3,-11,9,10,-14,-1,-8,-4,2,0,22,1,2,0,0,0,
A038110,에코플라스틱,자동차 및 관련부품,차량 내장재,코스닥,1735,445,2567,66,2.6,0,-0.9,0,9.8,11.2,18.8,20.1,14.5,-23.7,6.02,3.1,1.55,0.3,0.02,1.06,0,-0.6,0.36,-3,-7.26,0,-1.22,0,0.9,4.49,0.04,0.04,0,-2.55,0.69,0.25,0.42,0.43,0.43,-15.2,-5.78,-4.34,-5.93,9.49,0,0,4.6,-12.75,222.5,-667.64,35,48.12,467,499,189,0,1.73,-15.7,2.62,0,1.73,0.03594,1.11845,5103,1022,2132,573,322,2,6125,12401,2,-75,508,364,493,-415,-87,394,30,2.38,3.92,3.53,-39.34,-32.72,1580,1560,1460,1445,1515,1930,840,0,1,1,1,90,107,0,0.08,0.08,0,0.37,0.37,0,0.92,0.92,0.11,-0.2,-0.09,0.09,0.22,0.31,62,172,-2.12018,-52,0,1937,462,1,0,0,0,0,-3346,0,0,0,1,0,20201116,0,0,0,0,0,0,0,0,0,0,0,0,0,-97.9,-360.9,-393.4,-5.4,-6.9,0,34,18,99,0,1,0,1,0,0,1,0,1,4,11.3,4.2,-4.6,4,12.2,0,0,7.7,7.8,0.1,-8.5,18.5,0,-14,28.7,-23,7.3,11.4,0,29.8,-98.2,-141.7,-5.7,394.6,0,0,95.2,-4.9,-899.1,-165.4,1403.8,0,-104.1,1768.9,-178.7,-20.1,182.7,0,-118.6,-373,-309.3,-36.7,93.5,0,0,80.6,-229,-196.4,-146.3,176.4,0,-135.5,-30.3,-136,57.6,158.6,0,10931,84,43,10426,-35,-90,10843,-37,-123,12163,109,-8,0,0,0,0,0,0,2542,3269,2714,3185,2739,3525,2716,2914,3246,0,-55,46,4,64,-3,44,-35,-42,34,0,-79,16,-16,43,-15,-20,-47,-20,12,0,3246,34,12,0,0,0,
A212560,네오오토,자동차 및 관련부품,변속기부품,코스닥,4450,350,787,0,0,-0.1,0.3,-0.4,6.2,4.1,7.9,12.4,-1.2,-28.7,6.2,7.7,6.96,1,1.48,4.37,0,3.05,5.45,4.6,4.32,0,2.48,0,3.36,3.4,0.31,0.3,0,4.3,0.99,0.29,0.66,0.43,0.43,30.7,10,15.6,10,5.35,0,0,144.71,82.35,20.59,-58.86,77,99.57,77,78,51,15.76,1.12,68.32,1.59,0,1.12,0.03765,1.03451,617,794,411,94,27,0,1411,1148,17,35,4,87,103,-72,20,0,50,1.67,2.02,3.16,-17.18,-47.08,4190,4275,4125,3960,4505,5010,2160,1,1,1,1,89,106,0,0.05,0.05,0,0.53,0.53,0,2.39,2.39,0,1.69,1.69,-0.32,3.49,3.17,43,148,1.17555,178,0,615,462,1,0,0,0,0,2500,0,0,0,1,0,20201113,0,0,0,0,0,0,0,0,0,0,0,0,0,12.1,-33.8,-38.7,-1.7,3.3,0,34,27,103,1,1,0,1,1,1,1,0,0,6,-15.7,-4.4,-8.8,-10.1,2.8,0,0,6,-4.8,4.5,-21,4.3,0,-2.3,9,-4.3,-22.5,29,0,-92.1,7.3,-84.2,50,-66.7,0,0,-18.6,-81.5,-17.2,-398.6,1562,0,8.2,126.6,115.1,-156.6,702.3,0,-68.4,-36.8,-48.1,41.5,-56.9,0,0,-32.2,-78.8,-4.2,-44,313.1,0,-21.1,106.1,-8.1,-62.5,482.2,0,1405,101,79,1282,16,41,1152,24,58,1184,8,25,0,0,0,0,0,0,272,330,288,295,288,314,300,233,300,0,1,10,5,1,1,2,4,-2,13,0,6,39,8,5,4,8,8,3,16,0,300,13,16,0,0,0,
A191410,육일씨엔에쓰,IT 장비 및 소재,스마트폰 부품,코스닥,2925,274,936,0,0,0,-6.3,-9.4,-15.5,-15.9,-27.6,42.7,23.9,-53.9,0,0,6.95,-5.8,-13.96,1.82,0,-12.98,6.99,-10.5,-25.94,0,-8.45,0,-22.3,-9.79,0.44,0.39,0,-2.29,4.26,0.38,1.62,0.77,0.77,-19,-2.98,-2.08,-2.98,3.49,0,0,0,-1.88,-2.77,-109.49,27,62.86,225,225,150,0,0,0,0,0,0,0.05727,1.10362,754,335,454,261,100,0,1089,709,-99,-92,-81,-28,-12,-21,46,16,0,10.22,4.4,3.54,132.4,188.93,3460,3480,4040,2050,2360,4615,1165,0,0,0,0,63,151,0,0.08,0.08,0,0.14,0.14,0,-0.07,-0.07,0,-0.48,-0.48,-0.02,-1.9,-1.92,18,203,-1.22169,-24,0,2051,462,1,0,0,0,0,-12243,0,0,0,1,20170224,20201116,0,0,0,0,0,0,0,0,0,0,0,0,0,-88.9,-204,-270.5,1.6,-17.2,0,86,148,-28,0,0,0,1,0,0,1,0,0,2,42.6,0.9,243.3,-37,-34,0,0,-0.2,-43,-8.3,5.3,49.9,0,-2.1,-38.4,-3.6,81.3,39.3,0,28.1,-90.5,221.9,-82.7,-440.7,0,0,-635.8,-383.9,-180.5,-206.8,112.5,0,-401.1,-21.6,19.9,63.5,135.1,0,47.3,-206.7,191.9,-98.5,-4000,0,0,-240.1,-384.4,-184.9,-185.8,199.3,0,-227.2,-206.4,37.5,64.7,247.2,0,432,-128,-148,1483,156,136,934,27,2,616,-92,-78,0,0,0,0,0,0,188,203,121,192,187,115,111,202,281,0,8,-10,-14,14,-41,-50,-40,-15,5,0,-6,-13,-13,16,-20,-61,-38,-13,20,0,281,5,20,0,0,0,
A060380,동양에스텍,철강 및 비철강,강판,코스닥,2830,283,1000,30,3,0,-0.7,-1.2,5,3.7,3.3,5.2,-4.7,-9,10.42,7,8.13,1.6,1.25,3.02,0,0.82,8.15,1.8,2.88,0,1.11,0,3.62,3.72,0.14,0.15,0,10.19,0.79,0.33,0.62,0.54,0.54,31.2,18.3,-12.78,18.87,2.26,0,0,12.63,10.76,12.3,-34.98,74,112.79,168,175,119,50.26,3.53,-5.56,5.38,3.22,3.53,0.02243,0.57141,859,490,760,262,203,8,1349,1837,23,15,65,141,79,-22,-62,3,100,0.46,0.57,0.46,-18.56,0.26,2695,2730,2740,2690,2970,3020,1720,0,1,1,1,94,65,0,0,0,0.02,0.01,0.03,0.05,-0.01,0.04,0.07,-0.12,-0.05,0.12,-0.13,-0.01,68,164,-18.2037,173,0,592,462,1,0,0,0,0,1634,0,0,0,1,0,20201116,0,0,0,0,0,0,0,0,0,0,0,0,0,-13.8,4200,3106.2,-4.9,-0.1,0,74,51,76,0,1,0,1,0,1,1,1,1,6,39.5,-13.8,22.5,1.6,12.2,0,0,19.2,-2.1,-10.5,-10.8,-30.8,0,5.2,-9.3,-4.6,-2,-18.4,0,-28.2,-25.4,-25.6,-41.4,64.7,0,0,3930.8,-3950,-53.3,21.8,-22.4,0,59.1,-120.6,197.4,281.3,1.3,0,-54.5,3100,-27.3,-106.3,1100,0,0,-155.3,86.9,-342.7,-6.2,684.9,0,-133.4,43.6,-853,152.2,108.5,0,1520,39,44,1862,29,32,1891,17,-2,2121,28,20,0,0,0,0,0,0,465,514,536,527,555,503,480,470,384,0,0,0,6,9,15,-3,3,11,12,0,10,-23,12,16,-5,-3,-29,15,31,0,384,12,31,0,0,0,
A187270,신화콘텍,IT 장비 및 소재,IT 소재 및 부품,코스닥,2625,266,1014,95,9.4,0,1.2,-0.9,5.6,7.6,-0.9,5.2,-6.9,-49.5,10.56,21.9,19.79,3,-1.39,0.5,0,-2.32,1.47,1.4,-2.05,0,-1.15,0,5.35,26.6,0.63,0.62,0,-14.63,1.71,0.41,0.94,0.55,0.55,49.6,-24.1,-17.31,-26.6,35.95,0,0,10.23,-37.84,-44.33,-24.44,75,116.94,82,80,64,0,0,-100,0.4,0,0,0.02763,0.80928,386,485,321,116,112,0,871,431,-6,-10,45,92,49,-33,-41,39,0,0.32,0.45,0.83,-27.83,-61.16,2485,2440,2650,2495,2820,2845,1610,1,1,1,1,92,63,0,0,0,0,-0.01,-0.01,0,0.01,0.01,-0.48,0,-0.48,-0.45,-0.06,-0.51,32,134,-2.85739,-231,0,1562,462,1,0,0,0,0,-1135,0,0,0,1,20170316,20201116,0,0,0,0,0,0,0,0,0,0,0,0,0,-7.8,-75.8,-90.1,-3.8,-3.7,0,71,129,10,0,1,0,1,0,0,1,1,1,5,25.9,4.5,57.1,-30,14.5,0,0,24,37.2,-1.5,-18.6,9.2,0,-2.6,-0.8,-17.2,1.7,30.7,0,-177.8,-12.6,1000,-104,-75,0,0,96.3,-35.6,211.3,-178.1,342.3,0,-105.7,-2842.3,158.2,-180.2,117.6,0,-600,-83.5,1450,-112.9,-150,0,0,36.4,-396.4,394.4,-165.8,149.1,0,-170.9,-378,155,-135.3,152.9,0,352,9,4,553,99,62,387,-4,-8,443,-7,-20,0,0,0,0,0,0,93,83,96,118,115,114,95,96,126,0,-7,-6,-4,5,0,-8,4,-4,1,0,-6,-4,-3,5,-4,-18,10,-4,2,0,126,1,2,0,0,0,
A004920,씨아이테크,IT서비스,시스템서비스,코스피,942,236,2507,69,2.8,-0.3,-1.4,0.4,2.3,-5.5,-21.5,48.1,-2.9,-34.6,22.31,32.8,34.21,-5.9,-6.29,-11.85,0,-7.38,52.99,-15.6,-9.85,0,-5.05,0,20.09,29.5,0.52,0.51,0,-4.72,2.21,0.45,1.15,0.68,0.68,-7.9,-6.75,-2.54,-6.94,1.07,0,0,24.55,-11.57,-8.14,-55.08,61,88.53,129,132,50,0,0,0,0,0,0,0.03344,0.4549,383,290,253,79,305,24,673,461,-29,-34,12,150,12,-44,96,4,0,0.86,0.97,1.86,-11.05,-53.87,921,997,1200,636,970,1225,550,0,0,0,0,77,71,0.03,-0.03,0,0.03,0.12,0.15,0.03,0.28,0.31,0,0.1,0.1,-3.61,0.86,-2.75,31,151,-0.93088,-71,0,1867,462,1,0,0,0,0,-1319,0,0,0,1,0,20201116,0,0,0,0,0,0,0,0,0,0,0,0,0,12.3,10.5,-4.8,30.4,1.4,0,42,94,8,0,1,0,1,0,0,1,0,0,3,120,18.9,17.3,48.8,26,0,0,34.1,18.5,24.5,31,2.9,0,3.8,23.8,-17.4,23.4,-18.5,0,-244.4,-4.4,-222.2,31,-55,0,0,53.1,-413.3,29.6,104.3,-267.3,0,34.9,-26.8,-204.9,101.7,-5709.1,0,-186.7,-6.3,-620,76.9,-72,0,0,54,-118,-54.3,-614,1567.8,0,47.2,-434.6,8.7,-176.9,208.6,0,185,-9,-15,217,-29,-108,323,-20,-25,407,-31,-43,0,0,0,0,0,0,75,106,83,98,101,125,104,128,104,0,-7,-1,-18,-5,-3,-4,-13,0,-12,0,-8,-9,-12,-7,-4,-20,-18,-51,55,0,104,-12,55,0,0,0,
A079170,한창산업,철강 및 비철강,아연,코스닥,8040,418,520,3,0.6,0,-1.7,0,1.4,23.7,45.4,63.6,48.1,19.1,7.6,7.5,8.27,1,1.56,3.79,0,3.13,4.82,1.6,3.39,0,2.97,0,7.23,7.21,0.68,0.73,0,18.34,0.88,0.3,0.63,0.79,0.79,95,23.08,33.85,23.22,16.67,0,0,64.61,69.78,46.44,76.79,744,1198.21,15,16,3,48.44,1.37,-14.81,5.06,1.26,1.37,0.03584,0.7046,82,525,403,153,58,0,607,576,9,18,6,46,58,3,-6,0,110,1.93,2.43,4.2,-20.67,-54.04,7930,6500,5530,4915,5430,9650,3640,0,0,1,1,83,121,0,0.04,0.04,0.02,0.38,0.4,0.05,1.23,1.28,-0.16,-0.67,-0.83,-0.06,0.51,0.45,90,263,0.93997,401,0,930,462,1,0,0,0,0,2003,0,0,0,1,0,20201113,0,0,0,0,0,0,0,0,0,0,0,0,0,-18.3,57.3,37,1.2,1.6,0,74,106,58,1,1,0,1,0,0,1,0,0,4,37.7,-11.4,13.5,15.6,5,0,0,14.5,2.3,7,-26.9,-23.3,0,-4.3,2.1,-17.1,-9.8,0.5,0,-71.4,-27.3,-31.4,-87.5,233.3,0,0,255.7,-76.6,1677.3,-100.3,175.4,0,-76.4,-58.1,362.7,-100.6,24750,0,-40,39.1,-40,16.7,-14.3,0,0,1250,-37.7,-76.1,89.7,1263,0,-90.1,328.3,-43.1,685.7,-28.8,0,475,35,20,539,24,12,623,3,14,654,10,12,0,0,0,0,0,0,148,169,134,177,169,173,143,129,130,0,-1,3,0,8,2,1,3,0,5,0,0,3,5,5,0,2,1,9,6,0,130,5,6,0,0,0,
A130740,티피씨글로벌,자동차 및 관련부품,기타 자동차부품,코스닥,2620,283,1079,42,3.9,4.6,-0.8,-2.2,8.3,3.1,26,21.3,6.9,-12.1,13.06,18.4,21.57,3.3,0.25,1.33,0,0.62,9.39,3.5,0.85,0,0.44,0,3.1,4.35,0.35,0.35,0,27.17,2.97,0.3,0.57,0.48,0.48,17,54.39,-17.11,56.6,3.95,0,0,12.86,-75.87,141.5,-22.97,96,134.18,84,97,68,0,0.76,-8.11,1.49,0,0.76,0.03574,1.04341,552,572,487,137,85,0,1124,803,2,5,38,147,91,-22,-77,26,20,0.7,0.83,0.99,-15.62,-28.88,2420,2540,2080,2160,2450,2855,1300,0,0,1,1,92,102,0,-0.02,-0.02,0,-0.07,-0.07,0.06,-0.55,-0.49,0.49,-0.04,0.45,0.36,0.54,0.9,16,160,-2.83723,1219,0,1122,462,1,0,0,0,0,215,0,0,0,1,0,20201112,0,0,0,0,0,0,0,0,0,0,0,0,0,-82.9,152.1,149.3,-11.5,-0.9,0,50,77,65,0,1,0,1,1,0,0,0,1,4,55.7,-6.7,-5.1,51.9,8,0,0,-6,-5.5,-3.5,-19.4,3,0,-15.1,33.5,-23,-7.6,8.5,0,-87.2,-84.1,-66.7,-15.4,-54.5,0,0,-371.9,-64.7,-24,-95.3,177.2,0,-138.3,219.1,-221.4,108.4,535,0,-146.8,148.7,-68.1,73.3,-184.6,0,0,6,-370.7,-446.7,344.1,539.6,0,33.3,-118.2,-108.1,180.6,20.1,0,544,39,47,516,13,15,784,11,26,847,5,-22,0,0,0,0,0,0,197,261,197,218,185,247,190,176,191,0,1,11,-4,9,-3,4,-5,0,3,0,-4,3,-3,-6,-4,-9,-18,15,18,0,191,3,18,0,0,0,
A197140,디지캡,IT서비스,시스템서비스,코스닥,4565,338,741,42,5.7,0.3,2.6,-0.4,14.4,-1.2,21.4,16.8,19.3,107,16.54,28.9,25.18,1.5,0.7,6.49,0,1.05,4.91,3.3,1.09,0,0.66,0,28.2,33.8,1.3,1.18,0,137.46,2.66,0.83,1.5,1.22,1.22,67.2,106.24,334.65,112.67,19.29,0,0,22.43,-59.72,169,-1.18,283,347.68,65,67,46,38.27,1.53,3300,1.85,0,1.53,0.03825,0.89517,181,272,177,33,31,2,453,286,2,3,17,75,13,-36,58,3,70,3.47,3.97,5.08,-12.52,-31.71,3990,4620,3760,3910,3825,5400,2480,1,1,1,1,85,84,0,0.02,0.02,0,0.21,0.22,0.03,-0.52,-0.49,-0.13,1,0.87,-2.39,0.79,-1.6,46,147,7.05134,1463,0,1142,462,1,0,0,0,0,312,0,0,0,1,20180823,20201112,0,0,0,0,0,0,0,0,0,0,0,0,0,-81.9,-85.4,-81.4,16.7,5.3,0,87,65,10,1,1,0,1,0,1,0,1,1,6,113.4,33.4,45.5,10.4,32.8,0,0,57.8,45.1,-12.9,50.7,42.9,0,18.8,24.6,-48.6,98.1,12.7,0,16.7,-75.8,316.7,-40,-53.3,0,0,63.4,-8.8,-200.4,293.9,471.2,0,-372.7,1086.5,-230.8,103.2,804.7,0,62.5,-80.5,150,-45,18.2,0,0,268.8,-14.4,-203.1,-7.7,102.8,0,315.4,632.9,-210.3,102.7,812.5,0,112,6,8,163,25,20,180,15,11,239,7,13,0,0,0,0,0,0,40,54,46,53,62,78,40,79,89,0,-4,17,-7,0,-2,15,-20,1,6,0,-1,18,-6,1,2,16,-17,0,4,0,89,6,4,0,0,0,
A010420,한솔PNS,종이 및 용기,종이,코스피,1680,344,2049,0,0,0,2.8,6,18.3,12,8.4,-1.8,6.3,7,19.35,8.3,8.1,1.9,1.65,2.92,0,1.41,2.55,6.7,8.21,0,3.38,0,8.24,8.39,0.14,0.14,0,7.96,1.41,0.44,0.92,0.81,0.81,33.1,9.83,10.82,9.83,5.56,0,0,4.05,9.95,8.39,48.55,144,153.18,148,152,7,16.23,1.49,63.46,1.85,0.72,1.49,0.03324,1.37988,624,411,791,48,70,0,1035,2479,41,35,35,200,41,-179,-31,0,25,7.93,4.64,2.96,70.81,167.79,1420,1500,1550,1710,1580,2060,905,1,1,1,1,82,86,0,0.06,0.06,0.01,0.35,0.37,0.04,0.1,0.14,0.05,-0.07,-0.02,0.07,-1.24,-1.17,57,184,0.41492,88,0,254,462,1,0,0,0,0,1906,0,0,0,1,20190710,20201113,0,0,0,0,0,0,0,0,0,0,0,0,0,-19.9,9.3,10,6.2,4.7,0,71,7,41,1,1,0,1,0,1,1,0,0,5,-0.1,5.1,-4.4,11,-5.8,0,0,-7.1,-2.9,6.8,6.6,12.1,0,5,27.6,-7.7,-13.8,10.5,0,207.7,-15.5,161.5,47.1,-20,0,0,-3.1,-43.9,-54.9,69,54,0,236,-3.6,-43.7,-7.4,206.2,0,166.7,15.2,108.3,44,-11.1,0,0,-2.5,23.6,-11.1,22.6,22.1,0,160,-51.1,12.6,-14.3,159,0,2341,13,12,2238,34,25,2484,50,36,2339,40,32,0,0,0,0,0,0,581,710,595,514,540,689,636,548,606,0,12,20,14,3,11,11,6,6,18,0,13,5,8,5,13,6,7,6,15,0,606,18,15,0,0,0,
A045340,토탈소프트,운송 및 물류,운송인프라,코스닥,4570,391,856,0,0,0,1.7,0.2,8.7,-9.9,43,42.8,59,49.6,29.55,48,57.52,19.9,24.19,23.22,0,22.58,18.86,26.3,23.99,0,13.15,0,39.98,39.1,2.98,3.15,0,46.77,5.61,0.93,3.82,3.35,3.35,24.7,13.96,11.52,13.96,20.75,0,0,10.66,11.81,13.03,7.16,274,272.69,77,90,29,0,0,0,0,0,0,0.03905,0.7699,101,112,129,0,13,2,213,124,30,28,33,63,10,11,-4,0,0,7.58,6.69,10.23,13.3,-25.88,4205,5070,3195,3200,2875,5660,2160,1,0,0,1,81,112,0,0.45,0.45,0,0.11,0.11,0,-1.04,-1.04,0.12,-2.5,-2.38,-0.17,0.44,0.27,60,360,0.58351,126,0,435,462,1,0,0,0,0,3633,0,0,0,1,0,20201113,0,0,0,0,0,0,0,0,0,0,0,0,0,21.9,-22.8,-29.7,5.9,6.4,0,120,5,10,1,1,1,0,1,0,1,1,1,7,25.5,-3.1,3.2,19.6,1.7,0,0,23.2,-24.4,35.5,11.6,-21.2,0,8.6,-4.4,20.4,-10.7,-23.4,0,200,18.1,-50,400,20,0,0,119.9,-11.2,348.5,82.1,-36,0,76.3,-3.2,-32.5,58.1,-38,0,160,-25.1,-70,833.3,-7.1,0,0,239.8,-70.1,321.9,14.7,-57.2,0,44.5,-55,86.3,-5.4,-46.1,0,94,8,10,97,4,3,116,20,28,118,24,26,0,0,0,0,0,0,26,40,27,29,32,30,37,33,25,0,4,10,1,5,9,9,6,9,6,0,3,17,2,8,11,5,9,9,5,0,25,6,5,0,0,0,
A044780,에이치케이,기계,기계,코스닥,1545,286,1851,16,0.9,0,-0.3,0.7,11.2,17,20.2,16.6,7.3,-9.4,12.38,19.5,17.38,2.6,0.92,5.75,0,1.1,3.8,2,1.22,0,0.72,0,3.67,4.14,0.54,0.53,0,27.65,1.26,0.38,0.67,0.58,0.58,33.3,47.24,-140.89,47.67,13.99,0,0,58.97,-55,57.2,59.79,90,158.91,70,70,54,0,0,-100,1.99,0,0,0.02914,0.88479,342,488,513,224,7,0,830,544,5,6,7,103,78,-41,-23,9,0,1,1.66,5.69,-39.94,-82.46,1390,1320,1285,1325,1440,1560,806,0,1,1,1,99,92,0,0.01,0.01,0.02,0.28,0.29,0.03,-0.04,-0.01,0.01,1.42,1.43,0.04,0.68,0.72,46,153,2.29485,494,0,979,462,1,0,0,0,0,313,0,0,0,1,0,20201116,0,0,0,0,0,0,0,0,0,0,0,0,0,-50.5,-42.4,-42.5,-2.6,1.2,0,93,193,69,0,1,0,1,1,0,1,0,0,4,-11,0.6,-7.4,-3,-0.9,0,0,-4.3,5.3,-11.4,-6.5,14.4,0,-17,47.2,-40.2,28,1.5,0,-57.1,-50.3,33.3,-64.3,-10,0,0,-521.2,-26.1,-253.6,-121.5,378.4,0,-147,211.2,-237.2,70,709.4,0,-50,-42,-81.3,366.7,-42.9,0,0,-624.4,-74.6,-143,-70.3,272.1,0,-145.2,123.6,-344.3,214,162.1,0,618,21,16,572,28,3,555,10,14,550,9,8,0,0,0,0,0,0,123,164,117,142,118,173,104,133,135,0,1,4,3,6,-3,3,-4,-1,8,0,0,3,4,7,-3,1,-2,2,5,0,135,8,5,0,0,0,
A008830,대동기어,자동차 및 관련부품,동력전달장치,코스닥,3130,281,899,0,0,0,-1,-2.6,3.8,3,15.5,18.6,8.7,48,5.55,6.9,9.46,1.8,2.82,1.7,0,0.39,0.34,0.1,1.04,0,0.33,0,2.94,2.93,0.19,0.18,0,22.95,0.61,0.3,0.41,0.49,0.49,1331.8,46.83,-126.58,46.83,59.53,0,0,28.2,8.46,6.53,-201.42,39,68.79,197,219,115,0,0.8,-7.04,1.74,0.85,0.8,0.03164,0.96096,1255,574,689,296,19,3,1829,1525,43,6,33,101,96,-122,28,0,25,0.2,0.35,0.39,-43.1,-48.79,3015,3040,2710,2640,2880,3240,1720,0,1,1,1,97,82,0,0,0,0,0,0,0,0,0,-0.07,0,-0.07,-0.23,0,-0.23,80,163,7.60361,407,0,935,462,1,0,0,0,0,769,0,0,0,1,0,20201116,0,0,0,0,0,0,0,0,0,0,0,0,0,29.4,-41.8,-34.8,-4.4,-2.4,0,92,75,96,0,1,0,1,0,0,1,0,1,4,54,8.9,22.2,16.3,8.4,0,0,5.8,9.5,9.6,0.9,18.4,0,-28.1,17,18.5,1.2,-15.6,0,206.7,41,200,0,6.7,0,0,-1047.2,14.8,-22.9,19,244.3,0,-124.4,364.2,-42,217.9,-70.4,0,80.6,-36.2,103.2,100,-400,0,0,-4.1,-185.3,-17.4,50.3,117.9,0,-194.3,-4.5,111,1284.2,-88.8,0,929,-30,-31,1135,30,1,1320,30,2,1431,32,-6,0,0,0,0,0,0,280,317,375,412,297,347,411,416,351,0,0,10,8,17,-4,11,6,20,6,0,-6,8,1,7,-7,-7,1,11,1,0,351,6,1,0,0,0,
A043360,디지아이,전기 및 전자기기,전기장비,코스닥,2385,215,900,10,1.1,0,1.1,-0.6,7.4,1.1,12.8,1.7,-2.7,-28.4,7.79,26.2,47.32,-11.8,-9.21,6.19,0,-11.84,10.81,-1.8,-3.91,0,-3.69,0,-59.46,-53.75,1.48,1.41,0,-5.61,0.98,0.29,0.6,0.47,0.47,-60.7,-11.81,-7.69,-11.94,13.51,0,0,0,-8.44,-15.36,86.98,704,867.8,7,7,1,0,0,-100,2.56,0,0,0.02984,0.87501,32,456,219,41,141,23,488,152,-14,-18,-25,38,-4,4,0,0,0,0.34,0.35,0.48,-2.26,-27.8,2220,2360,2115,2345,2450,2930,1090,1,1,1,1,81,119,0.01,0,0.01,0.01,-0.03,-0.01,0.01,0.04,0.05,-0.02,-0.07,-0.09,-0.11,-0.29,-0.4,48,162,-1.24151,-104,0,1757,462,1,0,0,0,0,-2293,0,0,0,1,0,20201116,0,0,0,0,0,0,0,0,0,0,0,0,0,57.2,19.5,16.8,-4.2,-0.3,0,128,99,-4,0,0,0,1,1,1,1,0,0,4,-18.9,3,30.5,-14.9,-27,0,0,-46.6,14.4,10,-39.2,24.7,0,-10.4,65.9,-5,-56.9,83.6,0,-94.1,55.9,129.4,-400,-120,0,0,-2320.5,-11,35.3,84.8,124.2,0,-30.6,-30.9,79.2,57.2,307.3,0,-54.5,17,122.7,-220,-466.7,0,0,-2890.9,-145,107.6,66.4,164.8,0,-18.5,-229.6,100.8,-1187.5,328.7,0,190,-17,-22,248,5,5,211,-15,-6,154,-33,-34,0,0,0,0,0,0,55,43,42,33,30,49,46,20,37,0,0,-11,-4,-7,-9,-12,-3,-1,2,0,0,-8,-2,-5,-6,-20,0,-2,4,0,37,2,4,0,0,0,
A067770,세진티에스,디스플레이 장비 및 부품,디스플레이 부품,코스닥,3920,329,840,10,1.2,0,2.1,-4.5,23.7,21.6,52.5,44.4,51.9,40.5,15.13,25.8,35.6,-5.4,12.1,20.63,0,5.41,19.61,-5.2,4.02,0,3.84,0,9.23,13.71,1.27,1.05,0,15.09,0.78,0.32,0.6,0.78,0.78,-11.5,19.12,-233.33,19.35,3.68,0,0,2.85,19.77,8.66,80.24,794,834.94,10,10,2,0,0,-100,3.6,0,0,0.03675,0.60887,42,401,306,15,11,0,443,314,38,17,34,67,36,-3,-5,12,0,4.13,4.27,6.18,-3.27,-33.16,3170,3225,2570,2715,2580,4370,1880,0,1,1,1,90,109,0,0.07,0.07,0,0.27,0.27,0.11,0.64,0.75,0.24,1.3,1.54,0.25,1.04,1.29,100,244,-6.9945,176,0,606,462,1,0,0,0,0,2221,0,1,1,1,0,20201112,0,0,0,0,0,0,0,0,0,0,0,0,0,1152.2,185.9,222.7,4.5,5,0,66,28,24,0,1,0,1,0,0,1,1,1,5,-35,49.8,-30.1,-8.3,1.4,0,0,-0.3,5.5,20.4,78.2,92.1,0,30.3,-18.3,45.2,15.3,40.4,0,57.1,1683.3,-242.9,41.7,78.6,0,0,10350,-2.1,-35.9,816.7,1048.8,0,181.7,-382.4,141.3,652.7,30.9,0,-425,228.8,-525,4,12.5,0,0,159.5,-38.7,19.8,1963.5,463.7,0,513.5,-811.1,117.6,260.7,25.1,0,326,-7,-4,228,-24,-25,209,-14,-24,212,-3,-21,0,0,0,0,0,0,60,46,59,46,59,49,71,81,114,0,0,-6,4,-3,2,-6,2,18,24,0,2,-20,4,-1,4,-28,5,18,22,0,114,24,22,0,0,0,
A001770,신화실업,종이 및 용기,용기 및 포장재,코스피,21100,256,121,0,0,-11.7,1,3.9,1,3.4,-10.2,13.4,12.9,29.6,7.71,6.8,6.71,3.1,-0.13,-0.26,0,0.53,2.06,3.7,1.16,0,0.61,0,15.18,14.22,0.35,0.34,0,47.36,0.98,0.3,0.72,0.74,0.74,51.8,64,60.24,64,16.67,0,0,143.42,112.28,-256,28.91,100,155.81,91,91,42,12.61,0.47,-54.36,3.25,0.43,0.47,0.02783,0.08596,311,342,385,139,75,11,653,748,-1,4,2,50,18,-9,-13,0,100,3.54,3.27,1.95,8.41,81.11,20900,20400,23500,18600,18689,28100,15200,1,1,1,1,75,39,0.02,0.07,0.09,0.08,0.51,0.58,0.04,1.17,1.21,-0.35,2.25,1.9,-3.3,1.53,-1.77,76,247,1.71029,-2205,0,1267,462,1,0,0,0,0,-957,0,0,0,1,0,20201113,0,0,0,0,0,0,0,0,0,0,0,0,0,-103.2,-82.4,-79.9,-0.8,-8.6,0,88,84,18,1,1,0,1,0,1,1,0,1,6,5.6,3,-12.7,16.8,3.5,0,0,3.3,8,-1.6,1.3,4.5,0,-0.5,12.9,-11.8,2.3,2.6,0,66.7,-103.4,500,-11.1,-68.8,0,0,-1.8,-85.1,-110.6,-940.5,-114.9,0,970.3,3.4,-112.6,-816.7,87.5,0,66.7,-81.7,250,4.8,-54.5,0,0,111.4,-86.8,-77.9,-350.8,-13.5,0,783.1,-58.1,-52.7,-433,231.1,0,702,6,6,613,36,21,716,32,22,741,10,10,0,0,0,0,0,0,173,187,181,180,179,202,178,182,187,0,3,22,4,0,3,3,0,-4,0,0,2,14,4,-1,4,2,1,-3,4,0,187,0,4,0,0,0,
A090150,광진윈텍,자동차 및 관련부품,차량 시트,코스닥,3485,337,966,62,6.4,0,5.1,6.7,26,25.8,17.9,22.1,13,32.8,19.57,22,21.78,0.1,3.47,7.37,0,2.2,7.3,0.1,4.38,0,2.03,0,6,8.22,0.41,0.39,0,13.84,1.18,0.49,0.75,0.78,0.78,215.2,16.6,38.74,17.74,4.83,0,0,12.62,15.84,11.23,-34.12,65,128.94,117,125,79,44.74,2.87,233.33,4.36,0,2.87,0.02693,0.73667,518,416,403,199,253,35,934,864,30,19,51,183,56,-1,-46,15,100,7.58,4.25,2.74,78.34,176.83,2765,2770,2955,2855,3085,3485,1830,1,1,1,1,100,90,0,0.1,0.1,0,0.22,0.22,0,0.34,0.34,-0.31,-0.22,-0.53,-0.34,0.09,-0.25,66,159,-706.055,160,0,551,462,1,0,0,0,0,2183,0,0,0,1,0,20201116,0,0,0,0,0,0,0,0,0,0,0,0,0,638.3,547.1,401,3.2,16.6,0,64,112,41,1,1,1,1,1,0,1,1,0,7,-9.8,-8.7,-8.1,-3.5,1.7,0,0,-8.3,2.9,-11.4,-36,16.4,0,-23.7,22.6,-19.8,-14.7,38.8,0,146.7,569.6,-333.3,25.7,242.3,0,0,1007.8,115.6,-11,-91.3,106.4,0,-48.7,-48.1,55.1,-79,1122.9,0,-4.8,484.6,-242.9,16.7,180,0,0,248,75.7,107,-117.9,141.9,0,-48.3,-175.9,272.9,-126.4,797.6,0,1058,15,21,972,-35,-30,938,-26,-25,954,37,20,0,0,0,0,0,0,224,245,228,269,205,252,202,172,239,0,1,-28,8,17,9,4,7,1,18,0,-5,-22,5,14,7,-5,9,-3,17,0,239,18,17,0,0,0,
A073190,듀오백,가정용품,가구,코스닥,2860,342,1197,90,7.5,0,-0.5,4.8,4.4,-8.5,18.4,22,11.3,30.6,33.92,28.3,29.96,-7.4,0.69,3.43,0,-0.46,3.6,-8.1,-0.7,0,-0.6,0,45.17,342,0.86,0.79,0,-205.2,1.23,0.44,0.9,1.2,1.2,-11,-158.18,-42.7,-171,23.17,0,0,50.58,-86.58,114,27.78,226,313.63,19,19,3,0,0,-100,5.87,0,0,0.03164,0.95699,52,281,147,41,41,0,333,432,3,-2,6,113,8,11,-4,7,0,0.81,1.51,1.17,-46.62,-31.05,2740,3125,2415,2345,2570,3250,1470,1,1,0,1,88,95,0,0.01,0.01,0.01,-0.04,-0.04,0.08,-0.29,-0.21,0.06,-0.17,-0.11,0.35,-0.26,0.09,98,273,-1.91075,-1505,0,1284,462,1,0,0,0,0,-190,0,0,0,1,0,20201116,0,0,0,0,0,0,0,0,0,0,0,0,0,107.9,94.9,92.4,-0.3,-2,0,47,52,1,0,1,0,1,0,0,1,1,1,5,-2.2,46.5,19.7,-15.9,-2.8,0,0,-17.8,35.3,34.2,72.3,47.3,0,0.1,28.1,35.7,-0.9,-14.5,0,51,111.7,111.8,-583.3,13.8,0,0,-16.1,7.1,42.5,172,195.4,0,67.9,-222.3,128,149.1,-57.6,0,50,92.5,123.2,-346.2,12.5,0,0,35.9,-13.3,102.1,158.8,240.3,0,77.5,-509.5,123.6,81.7,-46.3,0,325,-51,-56,389,6,13,327,-29,-32,318,-25,-28,0,0,0,0,0,0,85,66,90,69,70,89,121,120,102,0,-3,-13,2,-11,-4,-12,3,8,4,0,-4,-14,2,-12,-3,-16,4,7,4,0,102,4,4,0,0,0,
A054410,케이피티유,기계,기계,코스닥,5670,287,506,0,0,0,-1.4,-0.7,9.5,9,45.4,43.4,24.2,-6.3,4.98,11.6,9.09,5,3.05,2.54,0,2.67,12.56,7.2,2.08,0,1.13,0,49.74,47.83,1.08,1.1,0,34.85,3.1,0.41,1.15,0.85,0.85,16.8,41,-1195.83,41,8.91,0,0,48.78,36.84,35.88,-40.77,69,76.86,86,89,40,0,0,-100,1.94,0,0,0.04826,0.82889,293,329,176,17,400,397,622,262,8,7,8,31,6,-38,34,0,0,1.24,2.12,3.06,-41.48,-59.44,5180,5200,3900,3955,4565,8590,2160,0,1,1,1,66,163,0,-0.05,-0.05,0,0.27,0.27,0,1.22,1.22,-0.23,4.5,4.27,-0.32,3.87,3.55,27,207,-2.40619,362,0,907,462,1,0,0,0,0,1565,0,0,0,1,0,20201116,0,0,0,0,0,0,0,0,0,0,0,0,0,-10.6,171.2,169.3,-4.5,3,0,88,23,6,0,1,0,1,1,1,1,0,1,6,14.1,0,23.9,-4.9,-3.2,0,0,39.3,-24.2,40.4,2.6,-6.3,0,18.1,-11.8,30.3,-24.4,7.9,0,-14.3,-10.5,200,-23.8,-62.5,0,0,302.7,-69,498.6,-80.5,8.7,0,-21.1,-0.7,197.3,-91.6,340.5,0,-121.6,171.3,10.8,-46.3,-136.4,0,0,103.6,20.5,1162.5,-301.6,1198.4,0,198.4,-1459.7,219.8,-125,418.2,0,213,7,37,264,21,41,251,16,22,243,6,-8,0,0,0,0,0,0,49,80,56,58,68,60,79,59,64,0,-1,5,1,2,2,1,4,0,2,0,-17,-11,1,-1,1,-8,10,-3,8,0,64,2,8,0,0,0,
A008500,일정실업,자동차 및 관련부품,차량 시트,코스피,17600,211,120,2,1.7,0,2.3,1.1,-18.5,55.1,76,16.6,-5.4,-30.6,0,0,-8.77,-12.3,-34.63,-3.58,0,-8.09,65.15,-11.3,-7.76,0,-4.63,0,-2.87,-2.54,0.64,0.68,0,-5.49,0.74,0.31,0.59,0.65,0.65,-8.2,-8.3,-1.97,-8.44,0.99,0,0,0,-1.53,-1.97,-9.95,93,150.86,101,101,85,0,0,-100,9.29,0,0,0.05957,0.42772,271,269,250,96,55,0,540,309,-107,-25,-121,-59,-74,15,31,9,0,0.91,0.98,3.68,-7.35,-75.27,21600,11350,10000,15100,18600,23400,8560,1,1,1,1,75,106,0,0,0,0,0,0,0,0.03,0.03,0,-0.24,-0.24,0,-0.24,-0.24,88,210,-0.42542,-17,0,2089,462,1,0,0,0,0,-103214,0,0,0,1,0,20201116,0,0,0,0,0,0,0,0,0,0,0,0,0,-16.3,67.1,75.3,-17.9,-6.5,0,40,90,-83,0,0,0,1,0,1,1,0,0,3,-49.6,-29.8,-37.8,-2.2,-17.1,0,0,-13.1,-32.9,-14.6,-49.8,-21.5,0,-0.4,-16.7,1.4,-40.3,55.7,0,-470.5,18.4,-245.5,-31.3,-94,0,0,-12.1,-119.6,-0.5,60.4,91.3,0,21.1,-76.8,51.7,41.2,82.6,0,-525,76.9,-278.1,-21.1,-97.1,0,0,-6.7,-124.5,38.3,62.1,284.4,0,1.6,-73,65.5,35.4,578.1,0,789,44,32,491,-64,-57,480,-84,-69,398,-163,-136,0,0,0,0,0,0,120,129,103,104,104,87,88,52,82,0,-30,-27,-28,-42,-33,-59,-29,-17,-3,0,-27,-22,-28,-29,-29,-50,-17,-11,53,0,82,-3,53,0,0,0,
A024940,PN풍년,가정용품,주방용품,코스닥,3960,396,1000,110,11,0,-3.3,-13,4.9,-14.2,82.5,101.5,78,38.9,29.57,27.9,30.35,-0.3,1.76,4.68,0,5.27,3.89,9.3,7.72,0,5.71,0,4.36,4.35,0.71,0.7,0,13.46,1.72,0.41,0.94,1.02,1.02,22.2,11.75,16.11,13.2,17.22,0,0,156.82,180,39.6,41.67,228,331.13,36,37,3,4.33,0.63,4.94,2.84,0.58,0.63,0.04566,0.92003,142,383,307,96,10,0,525,569,10,30,2,155,91,-3,-16,0,25,6.53,9.66,21.43,-32.34,-69.51,3775,4615,2170,1965,2225,4900,1315,0,0,0,1,81,201,0,-0.01,-0.01,0,-0.92,-0.92,0.14,-1.37,-1.23,0.18,-1.72,-1.54,-0.01,-0.65,-0.66,59,249,1.61267,342,0,888,462,1,0,0,0,0,1158,0,0,0,1,0,20201116,0,0,0,0,0,0,0,0,0,0,0,0,0,240.8,-46.5,-47.6,1.9,2.8,0,41,95,91,1,1,0,1,1,1,1,1,0,7,-28.3,0.7,-11.8,-7.9,-11.7,0,0,-7.3,-13,-12.6,22.6,9.4,0,3,-6,4.5,21.1,-8.1,0,-159.1,241.6,-27.3,-43.8,-244.4,0,0,-128.6,-191,-476.7,190.8,1088.6,0,92.4,-334.3,18.4,439.5,-17.8,0,200,-46.1,-22.2,-14.3,350,0,0,-109.4,-23.5,166.7,-64.2,4523.1,0,-100.3,3761.5,-46.2,579.3,-66.9,0,761,22,18,671,16,14,618,9,12,546,-13,54,0,0,0,0,0,0,146,146,152,131,135,127,133,161,148,0,2,3,0,-9,-1,-3,-2,8,7,0,1,6,1,49,0,5,3,17,6,0,148,7,6,0,0,0,
A010640,진양폴리,화학,폴리우레탄,코스피,3480,348,1000,0,0,0,-0.3,-1.7,0.7,20.6,11.7,-4.1,19.4,90.7,15.25,18.4,18.21,5.6,6.68,7.37,0,5.08,5.73,14,7.02,0,4.32,0,12.93,-6.11,0.95,0.93,0,23.63,2.15,0.67,1.35,1.29,1.29,13.1,18.32,4.86,18.32,15.45,0,0,9.72,13.1,13.92,-24.71,90,114.02,66,66,33,13.24,2.87,30.77,10.97,0,2.87,0.04435,1.20793,175,265,89,19,6,0,440,374,25,19,45,67,28,-85,54,85,100,6.81,5.54,32.67,22.83,-79.15,3455,2885,3115,3630,2915,4500,1845,0,0,1,1,77,89,0,0.31,0.31,0.01,1.29,1.3,0.01,1.65,1.66,-0.05,1.7,1.65,-0.04,-1.2,-1.24,60,193,1.62556,162,0,558,462,1,0,0,0,0,2153,0,0,0,1,0,20201113,0,0,0,0,0,0,0,0,0,0,0,0,0,-32.7,-78,-76.2,22.5,3.4,0,64,23,-57,1,1,1,0,1,1,1,1,0,7,102.9,11.7,36.4,27.5,16.6,0,0,23.7,20.8,5.9,10.2,10.8,0,5.7,7.5,-7.3,4.5,6.3,0,1650,-24.7,-300,237.5,181.8,0,0,435.9,-31.2,-31.4,-21,-19.1,0,-2.8,-46.7,16.6,30.9,-0.5,0,8.6,-75.4,-92.9,100,660,0,0,4377.5,-31.1,-34.6,-22.3,-90.3,0,714.7,-93.4,17.8,22.7,2.2,0,173,-2,70,236,-8,5,301,11,10,351,31,76,0,0,0,0,0,0,72,79,83,84,89,95,88,92,98,0,2,7,8,9,9,5,6,7,7,0,1,6,7,7,58,4,4,6,6,0,98,7,6,0,0,0,
A113810,디젠스,자동차 및 관련부품,기타 자동차부품,코스닥,683,223,3263,0,0,0,10.2,9.8,28.9,36.3,40,31.3,18,-62.2,19.54,17.7,20.58,-0.4,2.2,6.79,0,0.58,3.67,-16.2,2.49,0,0.66,0,2.85,3.14,0.27,0.26,0,49.51,2.1,0.61,1.19,1.11,1.11,-9.3,44.6,21.14,44.6,6.19,0,0,6.5,15.68,11.74,-92.38,60,75.32,296,295,168,0,0,-100,3.15,0,0,0.03584,0.62752,567,192,361,72,89,14,759,865,19,5,71,148,78,-31,-5,7,0,93.3,21.74,10.31,329.18,804.64,530,501,488,520,579,715,404,1,1,1,1,96,69,0,0.1,0.1,0,0.5,0.5,0,1.01,1.01,0,1.49,1.49,-0.11,0.81,0.7,53,182,-1.98326,402,0,931,462,1,0,0,0,0,170,0,0,0,1,0,20201116,0,0,0,0,0,0,0,0,0,0,0,0,0,132.2,103.5,104,5.8,3,0,80,38,71,1,1,1,1,1,1,1,1,1,9,-33.9,18.9,-10.2,-11.8,-16.5,0,0,-9.5,36.4,-11,52.7,12.7,0,71.9,12.7,-26.4,7.1,26.9,0,-148.9,138.1,-134,-31.3,-9.5,0,0,230,131.5,27.2,108.9,40.9,0,136.9,-46.2,-207.1,141.6,487,0,-236.4,104.1,-422.7,-39.4,69.7,0,0,283.7,101.8,54.4,95,-39.1,0,139.8,-89.2,-350.3,53.5,587,0,1199,47,22,1077,-16,-71,950,-21,-99,793,-23,-30,0,0,0,0,0,0,241,180,203,127,218,246,181,194,246,0,-9,-20,-9,-32,12,6,-7,3,17,0,-8,-91,-9,-37,15,2,-4,-2,9,0,246,17,9,0,0,0,
A096870,엘디티,반도체 관련장비 및 부품,반도체 설계,코스닥,3100,207,668,0,0,0,-1.7,-1.9,23.8,27,17.4,17.6,14.4,-4,12.69,21,26.2,-3.9,-6.25,16.91,0,-8.33,15.09,-3.8,-7.67,0,-6.78,0,-74.98,-69,2.9,2.16,0,-51.5,2.22,0.72,1.62,1.99,1.99,-146.9,-25.88,-13.56,-25.88,9.86,0,0,0,-14.42,-34.5,17.39,250,395.87,19,19,0,0,0,0,0,0,0,0.03374,0.91163,19,99,55,20,29,3,118,96,-6,-8,-14,15,-3,0,0,0,0,3.15,3.9,5.31,-19.1,-40.53,2505,2440,2640,2635,2710,3390,1665,0,1,1,1,91,86,0,0.19,0.19,0,0.75,0.75,0.41,1.51,1.92,1.22,1.37,2.59,1.06,1.56,2.62,90,276,-3.35947,-236,0,1559,462,1,0,0,0,0,-1316,0,0,1,1,0,20201113,0,0,0,0,0,0,0,0,0,0,0,0,0,-334,-1325,-1953.1,-6.7,-6.2,0,92,123,-3,0,0,0,1,0,0,1,0,0,2,-7.9,42.2,22.4,-22.6,-2.8,0,0,-40.9,11.1,17.5,-7,230,0,-48,96.4,2.4,-11,84.4,0,7.1,-518.6,28.6,130,-533.3,0,0,-316.7,-522.4,636.4,-271.4,326.2,0,-312.7,-285,105.9,-496.6,351.3,0,41.7,-1839.1,-58.3,110.5,-450,0,0,-224.8,-681.1,156.3,-670.6,367.9,0,-476.5,-528.6,113.3,-259.8,300.4,0,76,-14,-24,93,-10,-38,72,3,4,70,-13,-14,0,0,0,0,0,0,18,19,18,20,11,21,21,19,35,0,1,2,0,-1,-3,-10,1,-2,6,0,2,2,1,0,-2,-12,2,-3,5,0,35,6,5,0,0,0,
A217190,제너셈,반도체 관련장비 및 부품,반도체장비,코스닥,3555,312,877,0,0,0,1.6,2.2,10.4,-13.3,14.3,-3.9,3.6,9.4,25.43,34.4,24.13,-1.3,0.24,3.17,0,-0.49,3.1,-2.7,-0.94,0,-0.41,0,64.29,62.4,0.87,0.76,0,-227.76,4.34,0.82,1.46,1.46,1.46,-199.1,-156,104,-156,19.26,0,0,91.34,64.33,312,-20.19,55,116.27,145,132,81,13.59,1.41,580,2.93,0,1.41,0.04275,1.21543,275,209,212,111,10,0,484,409,1,-2,5,123,5,-10,-6,0,50,1.81,1.61,1.8,12.3,0.34,3220,4100,3110,3700,3430,4750,1935,1,1,0,0,75,84,0.01,0,0.01,0.06,-0.08,-0.02,0.25,0.72,0.97,0.19,1.09,1.28,6.05,-0.47,5.58,34,178,-6.74774,-1373,0,1293,462,1,0,0,0,0,-259,0,0,0,1,0,20201113,0,0,0,0,0,0,0,0,0,0,0,0,0,131.6,77.1,74.7,7.3,4.7,0,84,84,5,1,1,1,1,1,1,1,1,1,9,107.9,15.9,55.6,2.2,30.7,0,0,20.3,16.3,-27.2,6.2,65.1,0,-24.9,49.1,-58.6,129.3,16.7,0,220,137.5,-52,-44.7,154.5,0,0,1032.1,160.2,-225.9,-289.7,-47.1,0,83.4,57.9,-158.6,-11.9,151.1,0,277.8,73.5,-194.4,-26.4,147.8,0,0,443.9,129.6,-163.7,-249.2,-55.4,0,25.2,0.2,-147.9,-148.2,137.4,0,178,-25,-18,277,-38,-53,283,-55,-67,370,30,32,0,0,0,0,0,0,66,101,67,105,79,118,49,112,131,0,-1,-21,6,4,8,12,-7,-8,4,0,-3,-31,7,7,9,9,-4,-11,4,0,131,4,4,0,0,0,
A297570,알로이스,전기 및 전자기기,전자기기,코스닥,2525,438,1733,0,0,6.4,0.2,7.9,20.5,25.9,18.8,16.9,2.4,0,36.75,31,34.38,23.1,15.65,12.51,0,15.27,9.67,6.5,23.61,0,18.35,0,13.62,13.27,1.69,1.67,0,28.36,3.13,0.93,1.76,2.59,2.59,-9.8,10.95,-10.4,10.95,24.77,0,0,10.45,11.36,10.68,39.04,531,602.84,29,32,21,0,0,0,0,0,0,0.04015,1.08133,53,165,224,27,9,0,218,262,41,40,39,80,33,47,0,0,0,15.56,30.8,18.12,-49.48,-14.12,2095,2005,2125,2160,2465,2750,1200,1,1,1,1,92,110,0,0.16,0.16,0,-0.34,-0.34,0,0.62,0.62,0,0.07,0.07,-2.94,0.66,-2.28,83,278,-10.4606,97,0,320,462,1,0,0,0,0,2602,0,0,0,1,0,20201113,0,0,0,0,0,0,0,0,0,0,0,0,0,1.8,136.4,105.1,70.4,1217.4,0,133,61,33,0,1,0,1,1,1,0,0,1,5,439.3,83.3,80.4,115.8,38.5,0,0,0,0,0,-38.7,9,0,-58.5,171.4,-64.1,51.7,-26.2,0,425,86.5,-25,283.3,82.6,0,0,0,0,0,-37.9,76,0,-82.6,438.2,-64.7,88.7,-50.9,0,-600,166.8,-25,250,-290.5,0,0,0,0,0,-56.3,105.7,0,-528.5,121.6,-34,-28.5,-44.5,0,56,8,8,101,6,6,218,23,21,302,42,-40,0,0,0,0,0,0,0,0,0,101,42,114,41,62,46,0,0,0,0,19,3,17,6,12,6,0,0,0,0,18,-78,17,11,8,4,0,46,6,4,0,0,0,
A317770,슈프리마아이디,IT 장비 및 소재,카메라모듈,코스닥,14600,443,303,0,0,1.3,1,4.7,14.5,-0.7,-13.4,-11.5,-20.2,0,8.13,42.6,36.46,10.9,-6.41,33.03,26.45,2.56,31.09,8.9,0.51,14.79,0.49,14.16,97.21,0,5.72,5.68,0,250.3,1.54,0.92,1.3,1.13,0.98,13.3,221.5,-139.31,221.5,15.66,6.61,6.61,0,-34.08,-88.6,81.94,2111,2336.01,5,5,1,0,0,0,0,0,0,0.02523,0.75703,20,386,383,37,15,8,406,78,-5,2,-7,33,5,-189,175,5,0,0.31,1.22,0.65,-74.96,-52.78,12750,14700,16850,16500,18300,21150,11200,1,1,1,0,69,30,0,-0.01,-0.01,0,-0.02,-0.02,-0.15,0.01,-0.14,-0.23,-0.09,-0.32,-0.57,-0.45,-1.02,73,123,2.33558,-764,0,1361,462,1,0,0,0,0,-1910,0,0,0,1,20190911,20201116,0,0,0,0,0,0,0,0,0,0,0,3250,20,-184.7,-78.7,-99.9,0,19168.1,17.4,42,304,0,0,1,0,1,1,1,0,0,0,4,0,-23.2,0,81,-33.1,156.2,0,-47.8,0,-62.2,-37.9,0.8,0,-6,-14.7,8.1,-28.3,52.6,0,0,-165,0,300,-90.4,1540,0,-106.2,0,-139.3,-83.5,890.5,0,61.8,-227.4,-40.5,-4.6,264.3,0,0,-83.6,0,218.2,-71.4,570,0,-84.3,0,-101.4,-3330,246.6,0,1940,-190.7,92.4,-2207.1,318.9,0,0,0,0,100,13,11,181,52,35,121,5,10,310,82,67,0,0,0,43,0,55,24,23,19,21,15,23,0,15,0,11,-2,-1,-3,-4,-5,8,0,13,0,10,0,2,-2,0,-3,7,0,23,8,7,0,0,0,
A279600,미디어젠,IT서비스,소프트웨어,코스닥,9210,427,464,0,0,0,1.7,8.2,1.5,16.9,46.7,63.6,29.2,8,16.78,100.6,100.02,-24.1,-3.49,11.58,0,-2.33,9.33,-5.1,-1.09,0,-0.66,0,-24.92,-23.72,8.42,4.97,0,-497.46,5.95,0.92,3.41,2.33,2.33,-118.7,-213.5,-78.35,-213.5,32.65,0,0,0,-58.1,-142.33,7.96,549,547.76,71,69,45,0,0,0,0,0,0,0.03384,1.02676,124,180,158,0,6,0,304,86,-3,-2,-7,51,-18,-30,24,0,0,3.61,2.89,3.83,24.96,-5.75,9070,7880,6280,5630,7130,9500,2555,1,1,1,1,97,260,0,0.08,0.08,-0.2,-0.05,-0.25,-0.23,0.09,-0.14,-0.93,0.13,-0.8,-1.04,-0.2,-1.24,39,253,-1.55926,-1231,0,1306,462,1,0,0,0,0,-748,0,0,0,1,0,20201112,0,0,0,0,0,0,0,0,0,0,0,0,0,87.8,90.9,85.4,87.5,138.9,0,209,0,-18,0,0,0,0,1,1,1,1,1,5,64.3,287.2,9.5,45.7,3,0,0,0,0,0,8.5,0,0,-100,0,0,-9.5,45.5,0,-275,52.9,0,-150,-250,0,0,0,0,0,37.4,0,0,100,0,0,-18.8,201.8,0,-400,65,-1700,84.4,-20,0,0,0,0,0,38.5,0,0,100,0,0,-80.9,193.2,0,84,4,2,92,4,-32,134,-2,-5,138,-7,-6,0,0,0,0,0,0,0,0,0,22,0,0,27,24,35,0,0,0,0,-6,0,0,-3,-4,4,0,0,0,0,-6,0,0,-2,-4,3,0,35,4,3,0,0,0,
A204210,모두투어리츠,일반서비스,부동산,코스피,3075,241,783,0,0,0,-1.4,-1.3,11,12.2,13.9,8.3,-3.8,-22.9,7.63,100.5,99.97,53.6,63.1,52.62,0,30.95,18.34,3.5,5.89,0,2.39,0,3,2.98,2.92,2.87,0,5.1,1.46,0.48,0.7,0.55,0.55,37.3,9.27,9.81,9.27,18.89,0,0,16.34,4.68,4.55,-257.68,308,310.8,152,148,145,48.23,5.46,362.14,5.38,0,5.46,0.02183,0,650,438,29,0,1038,0,1088,84,53,26,51,83,81,-79,-15,0,168,0.14,0.23,0.38,-38.15,-63.31,2770,2740,2700,2840,3195,3400,2540,0,1,1,1,90,21,0,0,0,0.06,0,0.06,0.24,-0.01,0.23,0.46,-0.03,0.43,0.42,-0.04,0.38,38,115,1.03628,81,0,232,462,1,0,0,0,0,3814,0,0,0,1,0,20201116,0,0,0,0,0,0,0,0,0,0,0,0,0,24.3,24.4,79.9,0.8,4.7,0,53,0,81,1,1,1,1,0,1,1,1,1,8,61.7,51.5,-10.6,14.3,58.3,0,0,31.9,151.6,33.6,16.7,6.4,0,20.4,112.9,-55,1.2,9.9,0,104.3,88.3,-21.7,27.8,104.3,0,0,41.2,258.5,44.4,24.9,19.1,0,5.8,241.7,-67.6,6.8,0.9,0,200,88.5,-33.3,50,200,0,0,-2.8,418.6,-21.8,-36.4,53.4,0,-64.6,702.9,-87.8,83.3,-14.7,0,47,23,9,42,18,6,48,23,9,76,47,27,0,0,0,0,0,0,12,14,12,14,16,35,16,16,17,0,5,7,6,7,8,26,8,9,9,0,2,3,3,6,2,17,2,4,3,0,17,9,3,0,0,0,
A140910,에이리츠,일반서비스,부동산,코스피,8050,305,379,0,0,0,-0.5,3.1,-10.6,23.8,24.6,34.4,17.8,68.6,19.67,24.5,24.67,9.6,17.98,7.19,0,9.78,1.9,25.3,19.34,0,6.73,0,-48.97,-61,0.41,0.48,0,4.67,17.57,0.64,0.81,0.95,0.95,7.2,4.92,2.85,4.92,47.36,0,0,4.1,2.03,2.68,46.23,123,137.22,165,189,162,9.35,7.07,-23.13,14.14,0,7.07,0.01812,0.31139,602,319,743,76,188,0,921,634,114,62,151,181,-5,6,-102,0,569,1.92,1.52,2.44,26.12,-21.34,9000,6500,6460,5990,6835,9250,5070,1,0,1,1,87,59,-0.03,-0.07,-0.1,0,-0.1,-0.1,-0.09,0.02,-0.07,0.24,0.07,0.31,-1.07,0.11,-0.96,5,148,1.04637,43,0,55,462,1,0,0,0,0,18843,0,0,0,1,0,20201116,0,0,0,0,0,0,0,0,0,0,0,0,0,-3.3,-55.9,-53.2,4,-1,0,5,133,-5,1,0,1,0,1,0,1,0,1,5,81.3,5,-98.5,4460,167.1,0,0,343.3,3.1,52.1,50.6,-55.4,0,37.1,-14.3,8.6,18.1,-59.4,0,44.2,1.5,-115.6,150,1750,0,0,426.6,-3.8,100.3,98.2,-85.8,0,79.6,-33.1,11.1,48.4,-87.1,0,64.4,-53.7,-120,500,105.6,0,0,485,-104.1,99,137,-96.5,0,290.1,-105.1,1543.9,-17.9,-94.3,0,336,77,45,5,-12,-9,228,6,36,609,111,74,0,0,0,0,0,0,43,158,116,139,190,163,177,209,85,0,-13,30,16,24,43,29,32,47,6,0,-12,58,17,12,47,-2,35,28,2,0,85,6,2,0,0,0,










































































































































































































































































































































































































































































































































































































































































































































































































































































































































































































































































































































































































































































































































































































































































































































































































































































































































































































































































































































































































































































































































































































































































